[
  {
    "pk":1,
    "model":"sites.site",
    "fields":{
      "domain":"example.com",
      "name":"example.com"
    }
  },
  {
    "pk":1,
    "model":"emailconfirmation.emailconfirmation",
    "fields":{
      "email_address":1,
      "sent":"2015-12-14T16:41:14.643",
      "confirmation_key":"75d0e7ec0ef46ebd4d285e967528611d7c8a0028"
    }
  },
  {
    "pk":1,
    "model":"projects.storytag",
    "fields":{
      "project":2,
      "name":"tutorial"
    }
  },
  {
    "pk":1,
    "model":"projects.storytagging",
    "fields":{
      "story":1,
      "tag":1
    }
  },
  {
    "pk":2,
    "model":"projects.storytagging",
    "fields":{
      "story":2,
      "tag":1
    }
  },
  {
    "pk":3,
    "model":"projects.storytagging",
    "fields":{
      "story":3,
      "tag":1
    }
  },
  {
    "pk":4,
    "model":"projects.storytagging",
    "fields":{
      "story":4,
      "tag":1
    }
  },
  {
    "pk":5,
    "model":"projects.storytagging",
    "fields":{
      "story":5,
      "tag":1
    }
  },
  {
    "pk":6,
    "model":"projects.storytagging",
    "fields":{
      "story":6,
      "tag":1
    }
  },
  {
    "pk":7,
    "model":"projects.storytagging",
    "fields":{
      "story":7,
      "tag":1
    }
  },
  {
    "pk":8,
    "model":"projects.storytagging",
    "fields":{
      "story":8,
      "tag":1
    }
  },
  {
    "pk":9,
    "model":"projects.storytagging",
    "fields":{
      "story":9,
      "tag":1
    }
  },
  {
    "pk":10,
    "model":"projects.storytagging",
    "fields":{
      "story":10,
      "tag":1
    }
  },
  {
    "pk":11,
    "model":"projects.storytagging",
    "fields":{
      "story":11,
      "tag":1
    }
  },
  {
    "pk":12,
    "model":"projects.storytagging",
    "fields":{
      "story":12,
      "tag":1
    }
  },
  {
    "pk":13,
    "model":"projects.storytagging",
    "fields":{
      "story":13,
      "tag":1
    }
  },
  {
    "pk":14,
    "model":"projects.storytagging",
    "fields":{
      "story":14,
      "tag":1
    }
  },
  {
    "pk":15,
    "model":"projects.storytagging",
    "fields":{
      "story":15,
      "tag":1
    }
  },
  {
    "pk":16,
    "model":"projects.storytagging",
    "fields":{
      "story":16,
      "tag":1
    }
  },
  {
    "pk":1,
    "model":"projects.epic",
    "fields":{
      "status":0,
      "archived":false,
      "points_in_progress":13,
      "cards_completed":0,
      "parent":null,
      "detail":"",
      "points_completed":0,
      "summary":"Using ScrumDo",
      "project":2,
      "release":null,
      "points_total":28,
      "local_id":1,
      "cards_total":7,
      "cards_in_progress":4,
      "order":5000,
      "points":"?"
    }
  },
  {
    "pk":2,
    "model":"projects.epic",
    "fields":{
      "status":0,
      "archived":false,
      "points_in_progress":8,
      "cards_completed":0,
      "parent":1,
      "detail":"",
      "points_completed":0,
      "summary":"Working on a Project",
      "project":2,
      "release":null,
      "points_total":16,
      "local_id":2,
      "cards_total":4,
      "cards_in_progress":3,
      "order":10000,
      "points":"?"
    }
  },
  {
    "pk":3,
    "model":"projects.epic",
    "fields":{
      "status":0,
      "archived":false,
      "points_in_progress":5,
      "cards_completed":0,
      "parent":1,
      "detail":"",
      "points_completed":0,
      "summary":"Administration Functions",
      "project":2,
      "release":null,
      "points_total":12,
      "local_id":3,
      "cards_total":3,
      "cards_in_progress":1,
      "order":15000,
      "points":"?"
    }
  },
  {
    "pk":1,
    "model":"projects.pointslog",
    "fields":{
      "points_status8":0,
      "points_status9":0,
      "points_status4":0,
      "points_status5":0,
      "points_status6":0,
      "points_status7":0,
      "iteration":null,
      "points_status1":40,
      "points_status2":0,
      "points_status3":0,
      "project":2,
      "points_total":40,
      "time_estimated_completed":0,
      "points_status10":0,
      "date":"2015-12-12",
      "time_estimated":0
    }
  },
  {
    "pk":3,
    "model":"projects.pointslog",
    "fields":{
      "points_status8":0,
      "points_status9":0,
      "points_status4":0,
      "points_status5":0,
      "points_status6":0,
      "points_status7":0,
      "iteration":5,
      "points_status1":25,
      "points_status2":0,
      "points_status3":0,
      "project":null,
      "points_total":25,
      "time_estimated_completed":0,
      "points_status10":0,
      "date":"2015-12-12",
      "time_estimated":0
    }
  },
  {
    "pk":2,
    "model":"projects.pointslog",
    "fields":{
      "points_status8":0,
      "points_status9":0,
      "points_status4":0,
      "points_status5":0,
      "points_status6":0,
      "points_status7":0,
      "iteration":null,
      "points_status1":37,
      "points_status2":0,
      "points_status3":0,
      "project":2,
      "points_total":40,
      "time_estimated_completed":0,
      "points_status10":3,
      "date":"2015-12-13",
      "time_estimated":0
    }
  },
  {
    "pk":4,
    "model":"projects.pointslog",
    "fields":{
      "points_status8":0,
      "points_status9":0,
      "points_status4":10,
      "points_status5":0,
      "points_status6":0,
      "points_status7":0,
      "iteration":5,
      "points_status1":15,
      "points_status2":0,
      "points_status3":0,
      "project":null,
      "points_total":25,
      "time_estimated_completed":0,
      "points_status10":0,
      "date":"2015-12-13",
      "time_estimated":0
    }
  },
  {
    "pk":1,
    "model":"projects.iteration",
    "fields":{
      "include_in_velocity":true,
      "end_date":null,
      "name":"Backlog",
      "default_iteration":true,
      "detail":"",
      "project":1,
      "iteration_type":0,
      "locked":false,
      "hidden":false,
      "start_date":null
    }
  },
  {
    "pk":2,
    "model":"projects.iteration",
    "fields":{
      "include_in_velocity":true,
      "end_date":"2015-12-28",
      "name":"Iteration #1",
      "default_iteration":false,
      "detail":"",
      "project":1,
      "iteration_type":1,
      "locked":false,
      "hidden":false,
      "start_date":"2015-12-14"
    }
  },
  {
    "pk":3,
    "model":"projects.iteration",
    "fields":{
      "include_in_velocity":true,
      "end_date":null,
      "name":"Archive",
      "default_iteration":false,
      "detail":"",
      "project":1,
      "iteration_type":2,
      "locked":false,
      "hidden":false,
      "start_date":null
    }
  },
  {
    "pk":4,
    "model":"projects.iteration",
    "fields":{
      "include_in_velocity":true,
      "end_date":null,
      "name":"Backlog",
      "default_iteration":true,
      "detail":"",
      "project":2,
      "iteration_type":0,
      "locked":false,
      "hidden":false,
      "start_date":null
    }
  },
  {
    "pk":5,
    "model":"projects.iteration",
    "fields":{
      "include_in_velocity":true,
      "end_date":"2015-12-28",
      "name":"Iteration #1",
      "default_iteration":false,
      "detail":"",
      "project":2,
      "iteration_type":1,
      "locked":false,
      "hidden":false,
      "start_date":"2015-12-12"
    }
  },
  {
    "pk":6,
    "model":"projects.iteration",
    "fields":{
      "include_in_velocity":true,
      "end_date":null,
      "name":"Archive",
      "default_iteration":false,
      "detail":"",
      "project":2,
      "iteration_type":2,
      "locked":false,
      "hidden":false,
      "start_date":null
    }
  },
  {
    "pk":7,
    "model":"projects.iteration",
    "fields":{
      "include_in_velocity":true,
      "end_date":"2016-01-12",
      "name":"Iteration #2",
      "default_iteration":false,
      "detail":"",
      "project":1,
      "iteration_type":1,
      "locked":false,
      "hidden":false,
      "start_date":"2015-12-29"
    }
  },
  {
    "pk":3,
    "model":"projects.label",
    "fields":{
      "name":"Bug",
      "color":12532011,
      "project":2,
      "stories":[

      ],
      "mapped_category":null,
      "mapped_card_type":null
    }
  },
  {
    "pk":6,
    "model":"projects.label",
    "fields":{
      "name":"Bug",
      "color":12532011,
      "project":1,
      "stories":[

      ],
      "mapped_category":null,
      "mapped_card_type":null
    }
  },
  {
    "pk":2,
    "model":"projects.label",
    "fields":{
      "name":"Feature",
      "color":10115509,
      "project":2,
      "stories":[
        1,
        2,
        3,
        4,
        5,
        6,
        7,
        8,
        9,
        10,
        11,
        12,
        13,
        14,
        15,
        16
      ],
      "mapped_category":null,
      "mapped_card_type":null
    }
  },
  {
    "pk":5,
    "model":"projects.label",
    "fields":{
      "name":"Feature",
      "color":10115509,
      "project":1,
      "stories":[

      ],
      "mapped_category":null,
      "mapped_card_type":null
    }
  },
  {
    "pk":1,
    "model":"projects.label",
    "fields":{
      "name":"User Story",
      "color":3460211,
      "project":2,
      "stories":[

      ],
      "mapped_category":null,
      "mapped_card_type":null
    }
  },
  {
    "pk":4,
    "model":"projects.label",
    "fields":{
      "name":"User Story",
      "color":3460211,
      "project":1,
      "stories":[

      ],
      "mapped_category":null,
      "mapped_card_type":null
    }
  },
  {
    "pk":1,
    "model":"subscription.subscriptionplan",
    "fields":{
      "yearly":false,
      "epic_tool":true,
      "planning_poker":true,
      "kanban":false,
      "live_updates":false,
      "price_val":"14.95",
      "tagline":"Additional features.",
      "storage":999,
      "featured_plan":false,
      "special_allowed":false,
      "users":20,
      "spreedly_id":10165,
      "price":"$14.95/month",
      "premium_plan":false,
      "show_in_grid":false,
      "active":false,
      "emails":true,
      "projects":999,
      "name":"Bronze",
      "time_tracking":false,
      "feature_level":"bronze",
      "custom_status":false,
      "premium_integrations":true,
      "order":1
    }
  },
  {
    "pk":2,
    "model":"subscription.subscriptionplan",
    "fields":{
      "yearly":false,
      "epic_tool":true,
      "planning_poker":true,
      "kanban":false,
      "live_updates":false,
      "price_val":"24.95",
      "tagline":"Most Popular Plan!",
      "storage":999,
      "featured_plan":false,
      "special_allowed":false,
      "users":30,
      "spreedly_id":10166,
      "price":"$24.95/month",
      "premium_plan":false,
      "show_in_grid":false,
      "active":false,
      "emails":true,
      "projects":999,
      "name":"Silver",
      "time_tracking":false,
      "feature_level":"silver",
      "custom_status":false,
      "premium_integrations":true,
      "order":2
    }
  },
  {
    "pk":3,
    "model":"subscription.subscriptionplan",
    "fields":{
      "yearly":false,
      "epic_tool":true,
      "planning_poker":true,
      "kanban":false,
      "live_updates":true,
      "price_val":"49.95",
      "tagline":"Getting bigger?",
      "storage":999,
      "featured_plan":false,
      "special_allowed":false,
      "users":60,
      "spreedly_id":10167,
      "price":"$49.95/month",
      "premium_plan":true,
      "show_in_grid":false,
      "active":false,
      "emails":true,
      "projects":999,
      "name":"Gold",
      "time_tracking":true,
      "feature_level":"gold",
      "custom_status":true,
      "premium_integrations":true,
      "order":3
    }
  },
  {
    "pk":4,
    "model":"subscription.subscriptionplan",
    "fields":{
      "yearly":false,
      "epic_tool":true,
      "planning_poker":true,
      "kanban":false,
      "live_updates":true,
      "price_val":"149.95",
      "tagline":"For large companies",
      "storage":999,
      "featured_plan":false,
      "special_allowed":false,
      "users":200,
      "spreedly_id":11292,
      "price":"$149.95/month",
      "premium_plan":true,
      "show_in_grid":false,
      "active":false,
      "emails":true,
      "projects":999,
      "name":"Platinum",
      "time_tracking":true,
      "feature_level":"platinum",
      "custom_status":true,
      "premium_integrations":true,
      "order":4
    }
  },
  {
    "pk":5,
    "model":"subscription.subscriptionplan",
    "fields":{
      "yearly":true,
      "epic_tool":true,
      "planning_poker":true,
      "kanban":false,
      "live_updates":false,
      "price_val":"13.7",
      "tagline":"Additional features.",
      "storage":999,
      "featured_plan":false,
      "special_allowed":false,
      "users":20,
      "spreedly_id":11073,
      "price":"$164.45/year",
      "premium_plan":false,
      "show_in_grid":false,
      "active":false,
      "emails":true,
      "projects":999,
      "name":"Bronze",
      "time_tracking":false,
      "feature_level":"bronze-y",
      "custom_status":false,
      "premium_integrations":true,
      "order":1
    }
  },
  {
    "pk":6,
    "model":"subscription.subscriptionplan",
    "fields":{
      "yearly":true,
      "epic_tool":true,
      "planning_poker":true,
      "kanban":false,
      "live_updates":false,
      "price_val":"22.87",
      "tagline":"Most Popular Plan!",
      "storage":999,
      "featured_plan":false,
      "special_allowed":false,
      "users":30,
      "spreedly_id":11074,
      "price":"$274.45/year",
      "premium_plan":false,
      "show_in_grid":false,
      "active":false,
      "emails":true,
      "projects":999,
      "name":"Silver",
      "time_tracking":false,
      "feature_level":"silver-y",
      "custom_status":false,
      "premium_integrations":true,
      "order":2
    }
  },
  {
    "pk":7,
    "model":"subscription.subscriptionplan",
    "fields":{
      "yearly":true,
      "epic_tool":true,
      "planning_poker":true,
      "kanban":false,
      "live_updates":true,
      "price_val":"45.78",
      "tagline":"Getting bigger?",
      "storage":999,
      "featured_plan":false,
      "special_allowed":false,
      "users":60,
      "spreedly_id":11075,
      "price":"$549.45/year",
      "premium_plan":true,
      "show_in_grid":false,
      "active":false,
      "emails":true,
      "projects":999,
      "name":"Gold",
      "time_tracking":true,
      "feature_level":"gold-y",
      "custom_status":true,
      "premium_integrations":true,
      "order":3
    }
  },
  {
    "pk":8,
    "model":"subscription.subscriptionplan",
    "fields":{
      "yearly":true,
      "epic_tool":true,
      "planning_poker":true,
      "kanban":false,
      "live_updates":true,
      "price_val":"137.45",
      "tagline":"For large companies",
      "storage":999,
      "featured_plan":false,
      "special_allowed":false,
      "users":200,
      "spreedly_id":11291,
      "price":"$1,649.45/year",
      "premium_plan":true,
      "show_in_grid":false,
      "active":false,
      "emails":true,
      "projects":999,
      "name":"Platinum",
      "time_tracking":true,
      "feature_level":"platinum-y",
      "custom_status":true,
      "premium_integrations":true,
      "order":4
    }
  },
  {
    "pk":9,
    "model":"subscription.subscriptionplan",
    "fields":{
      "yearly":false,
      "epic_tool":false,
      "planning_poker":false,
      "kanban":false,
      "live_updates":false,
      "price_val":"5.95",
      "tagline":"Getting started",
      "storage":999,
      "featured_plan":false,
      "special_allowed":false,
      "users":3,
      "spreedly_id":17680,
      "price":"$5.95/month",
      "premium_plan":false,
      "show_in_grid":false,
      "active":false,
      "emails":false,
      "projects":999,
      "name":"Basic",
      "time_tracking":false,
      "feature_level":"basic",
      "custom_status":false,
      "premium_integrations":true,
      "order":5
    }
  },
  {
    "pk":10,
    "model":"subscription.subscriptionplan",
    "fields":{
      "yearly":false,
      "epic_tool":true,
      "planning_poker":true,
      "kanban":false,
      "live_updates":false,
      "price_val":"19.95",
      "tagline":"Full scrum team",
      "storage":999,
      "featured_plan":false,
      "special_allowed":false,
      "users":10,
      "spreedly_id":17682,
      "price":"$19.95/month",
      "premium_plan":false,
      "show_in_grid":false,
      "active":false,
      "emails":true,
      "projects":999,
      "name":"Bronze",
      "time_tracking":false,
      "feature_level":"bronze-b",
      "custom_status":false,
      "premium_integrations":true,
      "order":4
    }
  },
  {
    "pk":11,
    "model":"subscription.subscriptionplan",
    "fields":{
      "yearly":false,
      "epic_tool":true,
      "planning_poker":true,
      "kanban":false,
      "live_updates":false,
      "price_val":"39.95",
      "tagline":"Most Popular Plan!",
      "storage":999,
      "featured_plan":true,
      "special_allowed":false,
      "users":15,
      "spreedly_id":17684,
      "price":"$39.95/month",
      "premium_plan":false,
      "show_in_grid":false,
      "active":false,
      "emails":true,
      "projects":999,
      "name":"Silver",
      "time_tracking":false,
      "feature_level":"silver-b",
      "custom_status":true,
      "premium_integrations":true,
      "order":3
    }
  },
  {
    "pk":12,
    "model":"subscription.subscriptionplan",
    "fields":{
      "yearly":false,
      "epic_tool":true,
      "planning_poker":true,
      "kanban":false,
      "live_updates":true,
      "price_val":"69.95",
      "tagline":"Multiple teams",
      "storage":999,
      "featured_plan":false,
      "special_allowed":false,
      "users":25,
      "spreedly_id":17686,
      "price":"$69.95/month",
      "premium_plan":true,
      "show_in_grid":false,
      "active":false,
      "emails":true,
      "projects":999,
      "name":"Gold",
      "time_tracking":true,
      "feature_level":"gold-b",
      "custom_status":true,
      "premium_integrations":true,
      "order":2
    }
  },
  {
    "pk":13,
    "model":"subscription.subscriptionplan",
    "fields":{
      "yearly":false,
      "epic_tool":true,
      "planning_poker":true,
      "kanban":false,
      "live_updates":true,
      "price_val":"149.95",
      "tagline":"For large companies",
      "storage":999,
      "featured_plan":false,
      "special_allowed":false,
      "users":50,
      "spreedly_id":17688,
      "price":"$149.95/month",
      "premium_plan":true,
      "show_in_grid":false,
      "active":false,
      "emails":true,
      "projects":999,
      "name":"Platinum",
      "time_tracking":true,
      "feature_level":"platinum-b",
      "custom_status":true,
      "premium_integrations":true,
      "order":1
    }
  },
  {
    "pk":14,
    "model":"subscription.subscriptionplan",
    "fields":{
      "yearly":false,
      "epic_tool":true,
      "planning_poker":true,
      "kanban":false,
      "live_updates":true,
      "price_val":"299.95",
      "tagline":"Everything you could need",
      "storage":999,
      "featured_plan":false,
      "special_allowed":false,
      "users":150,
      "spreedly_id":17690,
      "price":"$299.95/month",
      "premium_plan":true,
      "show_in_grid":false,
      "active":false,
      "emails":true,
      "projects":999,
      "name":"Diamond",
      "time_tracking":true,
      "feature_level":"diamond",
      "custom_status":true,
      "premium_integrations":true,
      "order":6
    }
  },
  {
    "pk":15,
    "model":"subscription.subscriptionplan",
    "fields":{
      "yearly":true,
      "epic_tool":false,
      "planning_poker":false,
      "kanban":false,
      "live_updates":false,
      "price_val":"5.95",
      "tagline":"Getting started",
      "storage":999,
      "featured_plan":false,
      "special_allowed":false,
      "users":3,
      "spreedly_id":17681,
      "price":"$59.50/year",
      "premium_plan":false,
      "show_in_grid":false,
      "active":false,
      "emails":false,
      "projects":999,
      "name":"Basic",
      "time_tracking":false,
      "feature_level":"basic-y",
      "custom_status":false,
      "premium_integrations":true,
      "order":1
    }
  },
  {
    "pk":16,
    "model":"subscription.subscriptionplan",
    "fields":{
      "yearly":true,
      "epic_tool":true,
      "planning_poker":true,
      "kanban":false,
      "live_updates":false,
      "price_val":"19.95",
      "tagline":"Full scrum team",
      "storage":999,
      "featured_plan":false,
      "special_allowed":false,
      "users":10,
      "spreedly_id":17683,
      "price":"$199.50/year",
      "premium_plan":false,
      "show_in_grid":false,
      "active":false,
      "emails":true,
      "projects":999,
      "name":"Bronze",
      "time_tracking":false,
      "feature_level":"bronze-b-y",
      "custom_status":false,
      "premium_integrations":true,
      "order":2
    }
  },
  {
    "pk":17,
    "model":"subscription.subscriptionplan",
    "fields":{
      "yearly":true,
      "epic_tool":true,
      "planning_poker":true,
      "kanban":false,
      "live_updates":false,
      "price_val":"39.95",
      "tagline":"Most Popular Plan!",
      "storage":999,
      "featured_plan":true,
      "special_allowed":false,
      "users":15,
      "spreedly_id":17685,
      "price":"$399.50/year",
      "premium_plan":false,
      "show_in_grid":false,
      "active":false,
      "emails":true,
      "projects":999,
      "name":"Silver",
      "time_tracking":false,
      "feature_level":"silver-b-y",
      "custom_status":true,
      "premium_integrations":true,
      "order":3
    }
  },
  {
    "pk":18,
    "model":"subscription.subscriptionplan",
    "fields":{
      "yearly":true,
      "epic_tool":true,
      "planning_poker":true,
      "kanban":false,
      "live_updates":true,
      "price_val":"69.95",
      "tagline":"Multiple teams",
      "storage":999,
      "featured_plan":false,
      "special_allowed":false,
      "users":25,
      "spreedly_id":17687,
      "price":"$699.50/year",
      "premium_plan":true,
      "show_in_grid":false,
      "active":false,
      "emails":true,
      "projects":999,
      "name":"Gold",
      "time_tracking":true,
      "feature_level":"gold-b-y",
      "custom_status":true,
      "premium_integrations":true,
      "order":4
    }
  },
  {
    "pk":19,
    "model":"subscription.subscriptionplan",
    "fields":{
      "yearly":true,
      "epic_tool":true,
      "planning_poker":true,
      "kanban":false,
      "live_updates":true,
      "price_val":"149.95",
      "tagline":"For large companies",
      "storage":999,
      "featured_plan":false,
      "special_allowed":false,
      "users":50,
      "spreedly_id":17689,
      "price":"$149.95/month",
      "premium_plan":true,
      "show_in_grid":false,
      "active":false,
      "emails":true,
      "projects":999,
      "name":"Platinum",
      "time_tracking":true,
      "feature_level":"platinum-b-y",
      "custom_status":true,
      "premium_integrations":true,
      "order":5
    }
  },
  {
    "pk":20,
    "model":"subscription.subscriptionplan",
    "fields":{
      "yearly":true,
      "epic_tool":true,
      "planning_poker":true,
      "kanban":false,
      "live_updates":true,
      "price_val":"299.95",
      "tagline":"Everything you could need",
      "storage":999,
      "featured_plan":false,
      "special_allowed":false,
      "users":150,
      "spreedly_id":17691,
      "price":"$2999.50/year",
      "premium_plan":true,
      "show_in_grid":false,
      "active":false,
      "emails":true,
      "projects":999,
      "name":"Diamond",
      "time_tracking":true,
      "feature_level":"diamond-y",
      "custom_status":true,
      "premium_integrations":true,
      "order":6
    }
  },
  {
    "pk":1000,
    "model":"subscription.subscriptionplan",
    "fields":{
      "yearly":false,
      "epic_tool":true,
      "planning_poker":true,
      "kanban":false,
      "live_updates":false,
      "price_val":"0",
      "tagline":"All the scrum basics.",
      "storage":5,
      "featured_plan":false,
      "special_allowed":false,
      "users":10,
      "spreedly_id":-1,
      "price":"Free",
      "premium_plan":false,
      "show_in_grid":false,
      "active":false,
      "emails":false,
      "projects":999,
      "name":"Free",
      "time_tracking":false,
      "feature_level":"free",
      "custom_status":false,
      "premium_integrations":false,
      "order":0
    }
  },
  {
    "pk":1001,
    "model":"subscription.subscriptionplan",
    "fields":{
      "yearly":false,
      "epic_tool":false,
      "planning_poker":false,
      "kanban":false,
      "live_updates":false,
      "price_val":"0",
      "tagline":"All the scrum basics.",
      "storage":5,
      "featured_plan":false,
      "special_allowed":false,
      "users":7,
      "spreedly_id":-1,
      "price":"Free",
      "premium_plan":false,
      "show_in_grid":false,
      "active":false,
      "emails":false,
      "projects":999,
      "name":"Free",
      "time_tracking":false,
      "feature_level":"free",
      "custom_status":false,
      "premium_integrations":false,
      "order":10
    }
  },
  {
    "pk":1002,
    "model":"subscription.subscriptionplan",
    "fields":{
      "yearly":false,
      "epic_tool":true,
      "planning_poker":true,
      "kanban":false,
      "live_updates":false,
      "price_val":"0.01",
      "tagline":"Academic Plan",
      "storage":999,
      "featured_plan":false,
      "special_allowed":false,
      "users":50,
      "spreedly_id":-1,
      "price":"Academic / Free",
      "premium_plan":false,
      "show_in_grid":false,
      "active":false,
      "emails":true,
      "projects":999,
      "name":"Academic Plan",
      "time_tracking":true,
      "feature_level":"academic",
      "custom_status":false,
      "premium_integrations":true,
      "order":0
    }
  },
  {
    "pk":1003,
    "model":"subscription.subscriptionplan",
    "fields":{
      "yearly":true,
      "epic_tool":true,
      "planning_poker":true,
      "kanban":false,
      "live_updates":true,
      "price_val":"269.95",
      "tagline":"Everything you could need",
      "storage":999,
      "featured_plan":false,
      "special_allowed":false,
      "users":150,
      "spreedly_id":18151,
      "price":"$2699.50/year",
      "premium_plan":true,
      "show_in_grid":false,
      "active":false,
      "emails":true,
      "projects":999,
      "name":"Diamond",
      "time_tracking":true,
      "feature_level":"diamond-y-b",
      "custom_status":true,
      "premium_integrations":true,
      "order":7
    }
  },
  {
    "pk":1004,
    "model":"subscription.subscriptionplan",
    "fields":{
      "yearly":true,
      "epic_tool":true,
      "planning_poker":true,
      "kanban":true,
      "live_updates":true,
      "price_val":"167",
      "tagline":"Just for Education Inst",
      "storage":999,
      "featured_plan":false,
      "special_allowed":false,
      "users":350,
      "spreedly_id":-1,
      "price":"$4000/yr",
      "premium_plan":true,
      "show_in_grid":false,
      "active":false,
      "emails":true,
      "projects":999,
      "name":"350-user",
      "time_tracking":true,
      "feature_level":"scholastic",
      "custom_status":true,
      "premium_integrations":true,
      "order":7
    }
  },
  {
    "pk":1005,
    "model":"subscription.subscriptionplan",
    "fields":{
      "yearly":true,
      "epic_tool":true,
      "planning_poker":true,
      "kanban":false,
      "live_updates":false,
      "price_val":"0.01",
      "tagline":"Free plan for an Open Source project.",
      "storage":999,
      "featured_plan":false,
      "special_allowed":false,
      "users":25,
      "spreedly_id":-1,
      "price":"Free",
      "premium_plan":false,
      "show_in_grid":false,
      "active":false,
      "emails":true,
      "projects":999,
      "name":"Open Source",
      "time_tracking":false,
      "feature_level":"opensource",
      "custom_status":true,
      "premium_integrations":true,
      "order":7
    }
  },
  {
    "pk":2000,
    "model":"subscription.subscriptionplan",
    "fields":{
      "yearly":false,
      "epic_tool":true,
      "planning_poker":true,
      "kanban":false,
      "live_updates":false,
      "price_val":"15.95",
      "tagline":"Entry level Scrum",
      "storage":999,
      "featured_plan":false,
      "special_allowed":false,
      "users":7,
      "spreedly_id":19945,
      "price":"$15.95/month",
      "premium_plan":false,
      "show_in_grid":false,
      "active":false,
      "emails":false,
      "projects":999,
      "name":"Bronze",
      "time_tracking":false,
      "feature_level":"bronze-c",
      "custom_status":false,
      "premium_integrations":true,
      "order":4
    }
  },
  {
    "pk":2001,
    "model":"subscription.subscriptionplan",
    "fields":{
      "yearly":false,
      "epic_tool":true,
      "planning_poker":true,
      "kanban":false,
      "live_updates":false,
      "price_val":"34.95",
      "tagline":"Great for teams",
      "storage":999,
      "featured_plan":true,
      "special_allowed":false,
      "users":15,
      "spreedly_id":19946,
      "price":"$34.95/month",
      "premium_plan":false,
      "show_in_grid":false,
      "active":false,
      "emails":true,
      "projects":999,
      "name":"Silver",
      "time_tracking":false,
      "feature_level":"silver-c",
      "custom_status":true,
      "premium_integrations":true,
      "order":3
    }
  },
  {
    "pk":2002,
    "model":"subscription.subscriptionplan",
    "fields":{
      "yearly":false,
      "epic_tool":true,
      "planning_poker":true,
      "kanban":false,
      "live_updates":true,
      "price_val":"69.95",
      "tagline":"Most popular plan!",
      "storage":999,
      "featured_plan":false,
      "special_allowed":false,
      "users":25,
      "spreedly_id":19947,
      "price":"$69.95/month",
      "premium_plan":true,
      "show_in_grid":false,
      "active":false,
      "emails":true,
      "projects":999,
      "name":"Gold",
      "time_tracking":true,
      "feature_level":"gold-c",
      "custom_status":true,
      "premium_integrations":true,
      "order":2
    }
  },
  {
    "pk":2003,
    "model":"subscription.subscriptionplan",
    "fields":{
      "yearly":false,
      "epic_tool":true,
      "planning_poker":true,
      "kanban":false,
      "live_updates":true,
      "price_val":"149.95",
      "tagline":"For large companies",
      "storage":999,
      "featured_plan":false,
      "special_allowed":false,
      "users":50,
      "spreedly_id":19948,
      "price":"$149.95/month",
      "premium_plan":true,
      "show_in_grid":false,
      "active":false,
      "emails":true,
      "projects":999,
      "name":"Platinum",
      "time_tracking":true,
      "feature_level":"platinum-c",
      "custom_status":true,
      "premium_integrations":true,
      "order":1
    }
  },
  {
    "pk":2004,
    "model":"subscription.subscriptionplan",
    "fields":{
      "yearly":true,
      "epic_tool":true,
      "planning_poker":true,
      "kanban":false,
      "live_updates":false,
      "price_val":"15.95",
      "tagline":"Entry level Scrum",
      "storage":999,
      "featured_plan":false,
      "special_allowed":false,
      "users":7,
      "spreedly_id":19949,
      "price":"$159.50/year",
      "premium_plan":false,
      "show_in_grid":false,
      "active":false,
      "emails":false,
      "projects":999,
      "name":"Bronze",
      "time_tracking":false,
      "feature_level":"bronze-c-y",
      "custom_status":false,
      "premium_integrations":true,
      "order":4
    }
  },
  {
    "pk":2005,
    "model":"subscription.subscriptionplan",
    "fields":{
      "yearly":true,
      "epic_tool":true,
      "planning_poker":true,
      "kanban":false,
      "live_updates":false,
      "price_val":"34.95",
      "tagline":"Great for teams",
      "storage":999,
      "featured_plan":true,
      "special_allowed":false,
      "users":15,
      "spreedly_id":19950,
      "price":"$349.50/year",
      "premium_plan":false,
      "show_in_grid":false,
      "active":false,
      "emails":true,
      "projects":999,
      "name":"Silver",
      "time_tracking":false,
      "feature_level":"silver-c-y",
      "custom_status":true,
      "premium_integrations":true,
      "order":3
    }
  },
  {
    "pk":2006,
    "model":"subscription.subscriptionplan",
    "fields":{
      "yearly":true,
      "epic_tool":true,
      "planning_poker":true,
      "kanban":false,
      "live_updates":true,
      "price_val":"69.95",
      "tagline":"Most Popular Plan",
      "storage":999,
      "featured_plan":true,
      "special_allowed":false,
      "users":25,
      "spreedly_id":19951,
      "price":"$699.50/year",
      "premium_plan":true,
      "show_in_grid":false,
      "active":false,
      "emails":true,
      "projects":999,
      "name":"Gold",
      "time_tracking":true,
      "feature_level":"gold-c-y",
      "custom_status":true,
      "premium_integrations":true,
      "order":2
    }
  },
  {
    "pk":2007,
    "model":"subscription.subscriptionplan",
    "fields":{
      "yearly":true,
      "epic_tool":true,
      "planning_poker":true,
      "kanban":false,
      "live_updates":true,
      "price_val":"149.95",
      "tagline":"For large companies",
      "storage":999,
      "featured_plan":false,
      "special_allowed":false,
      "users":50,
      "spreedly_id":19952,
      "price":"$1499.50/year",
      "premium_plan":true,
      "show_in_grid":false,
      "active":false,
      "emails":true,
      "projects":999,
      "name":"Platinum",
      "time_tracking":true,
      "feature_level":"platinum-c-y",
      "custom_status":true,
      "premium_integrations":true,
      "order":1
    }
  },
  {
    "pk":2008,
    "model":"subscription.subscriptionplan",
    "fields":{
      "yearly":false,
      "epic_tool":false,
      "planning_poker":false,
      "kanban":false,
      "live_updates":false,
      "price_val":"0",
      "tagline":"All the scrum basics",
      "storage":5,
      "featured_plan":false,
      "special_allowed":false,
      "users":3,
      "spreedly_id":-1,
      "price":"Free",
      "premium_plan":false,
      "show_in_grid":false,
      "active":false,
      "emails":false,
      "projects":999,
      "name":"Free",
      "time_tracking":false,
      "feature_level":"free",
      "custom_status":false,
      "premium_integrations":false,
      "order":10
    }
  },
  {
    "pk":2009,
    "model":"subscription.subscriptionplan",
    "fields":{
      "yearly":false,
      "epic_tool":true,
      "planning_poker":true,
      "kanban":false,
      "live_updates":true,
      "price_val":"149.95",
      "tagline":"",
      "storage":999,
      "featured_plan":false,
      "special_allowed":false,
      "users":80,
      "spreedly_id":21670,
      "price":"$149.95/month",
      "premium_plan":false,
      "show_in_grid":false,
      "active":false,
      "emails":true,
      "projects":999,
      "name":"Custom",
      "time_tracking":true,
      "feature_level":"custom-1",
      "custom_status":true,
      "premium_integrations":true,
      "order":1
    }
  },
  {
    "pk":2010,
    "model":"subscription.subscriptionplan",
    "fields":{
      "yearly":false,
      "epic_tool":true,
      "planning_poker":true,
      "kanban":false,
      "live_updates":false,
      "price_val":"0.01",
      "tagline":"Academic Plan",
      "storage":999,
      "featured_plan":false,
      "special_allowed":false,
      "users":100,
      "spreedly_id":-1,
      "price":"Academic / Free",
      "premium_plan":false,
      "show_in_grid":false,
      "active":false,
      "emails":true,
      "projects":999,
      "name":"Academic Plan 2",
      "time_tracking":true,
      "feature_level":"academic",
      "custom_status":true,
      "premium_integrations":true,
      "order":0
    }
  },
  {
    "pk":2011,
    "model":"subscription.subscriptionplan",
    "fields":{
      "yearly":false,
      "epic_tool":true,
      "planning_poker":true,
      "kanban":false,
      "live_updates":false,
      "price_val":"0.01",
      "tagline":"",
      "storage":999,
      "featured_plan":false,
      "special_allowed":false,
      "users":5,
      "spreedly_id":-1,
      "price":"Free",
      "premium_plan":false,
      "show_in_grid":false,
      "active":false,
      "emails":true,
      "projects":999,
      "name":"Academic - Small",
      "time_tracking":true,
      "feature_level":"freeacademic",
      "custom_status":true,
      "premium_integrations":true,
      "order":1
    }
  },
  {
    "pk":2012,
    "model":"subscription.subscriptionplan",
    "fields":{
      "yearly":false,
      "epic_tool":true,
      "planning_poker":true,
      "kanban":false,
      "live_updates":true,
      "price_val":"225",
      "tagline":"Custom Plan",
      "storage":999,
      "featured_plan":false,
      "special_allowed":false,
      "users":100,
      "spreedly_id":23956,
      "price":"$225.00/month",
      "premium_plan":false,
      "show_in_grid":false,
      "active":false,
      "emails":true,
      "projects":999,
      "name":"Standard 100",
      "time_tracking":true,
      "feature_level":"100user",
      "custom_status":true,
      "premium_integrations":true,
      "order":10
    }
  },
  {
    "pk":3000,
    "model":"subscription.subscriptionplan",
    "fields":{
      "yearly":false,
      "epic_tool":true,
      "planning_poker":true,
      "kanban":false,
      "live_updates":false,
      "price_val":"19.95",
      "tagline":"Entry level Scrum",
      "storage":999,
      "featured_plan":false,
      "special_allowed":false,
      "users":7,
      "spreedly_id":24508,
      "price":"$19.95/month",
      "premium_plan":false,
      "show_in_grid":false,
      "active":false,
      "emails":false,
      "projects":999,
      "name":"Bronze",
      "time_tracking":false,
      "feature_level":"bronze-d",
      "custom_status":false,
      "premium_integrations":true,
      "order":4
    }
  },
  {
    "pk":3001,
    "model":"subscription.subscriptionplan",
    "fields":{
      "yearly":false,
      "epic_tool":true,
      "planning_poker":true,
      "kanban":false,
      "live_updates":false,
      "price_val":"49.99",
      "tagline":"Great for teams",
      "storage":999,
      "featured_plan":true,
      "special_allowed":false,
      "users":15,
      "spreedly_id":24510,
      "price":"$49.99/month",
      "premium_plan":false,
      "show_in_grid":false,
      "active":false,
      "emails":true,
      "projects":999,
      "name":"Silver",
      "time_tracking":false,
      "feature_level":"silver-d",
      "custom_status":true,
      "premium_integrations":true,
      "order":3
    }
  },
  {
    "pk":3002,
    "model":"subscription.subscriptionplan",
    "fields":{
      "yearly":false,
      "epic_tool":true,
      "planning_poker":true,
      "kanban":false,
      "live_updates":true,
      "price_val":"89.99",
      "tagline":"Most popular plan!",
      "storage":999,
      "featured_plan":false,
      "special_allowed":false,
      "users":30,
      "spreedly_id":24512,
      "price":"$89.99/month",
      "premium_plan":true,
      "show_in_grid":false,
      "active":false,
      "emails":true,
      "projects":999,
      "name":"Gold",
      "time_tracking":true,
      "feature_level":"gold-d",
      "custom_status":true,
      "premium_integrations":true,
      "order":2
    }
  },
  {
    "pk":3003,
    "model":"subscription.subscriptionplan",
    "fields":{
      "yearly":false,
      "epic_tool":true,
      "planning_poker":true,
      "kanban":false,
      "live_updates":true,
      "price_val":"199.99",
      "tagline":"For large companies",
      "storage":999,
      "featured_plan":false,
      "special_allowed":false,
      "users":60,
      "spreedly_id":24514,
      "price":"$199.99/month",
      "premium_plan":true,
      "show_in_grid":false,
      "active":false,
      "emails":true,
      "projects":999,
      "name":"Platinum",
      "time_tracking":true,
      "feature_level":"platinum-d",
      "custom_status":true,
      "premium_integrations":true,
      "order":1
    }
  },
  {
    "pk":3004,
    "model":"subscription.subscriptionplan",
    "fields":{
      "yearly":true,
      "epic_tool":true,
      "planning_poker":true,
      "kanban":false,
      "live_updates":false,
      "price_val":"19.95",
      "tagline":"Entry level Scrum",
      "storage":999,
      "featured_plan":false,
      "special_allowed":false,
      "users":7,
      "spreedly_id":24509,
      "price":"$199.50/year",
      "premium_plan":false,
      "show_in_grid":false,
      "active":false,
      "emails":false,
      "projects":999,
      "name":"Bronze",
      "time_tracking":false,
      "feature_level":"bronze-d-y",
      "custom_status":false,
      "premium_integrations":true,
      "order":4
    }
  },
  {
    "pk":3005,
    "model":"subscription.subscriptionplan",
    "fields":{
      "yearly":true,
      "epic_tool":true,
      "planning_poker":true,
      "kanban":false,
      "live_updates":false,
      "price_val":"49.99",
      "tagline":"Great for teams",
      "storage":999,
      "featured_plan":true,
      "special_allowed":false,
      "users":15,
      "spreedly_id":24511,
      "price":"$499.90/year",
      "premium_plan":false,
      "show_in_grid":false,
      "active":false,
      "emails":true,
      "projects":999,
      "name":"Silver",
      "time_tracking":false,
      "feature_level":"silver-d-y",
      "custom_status":true,
      "premium_integrations":true,
      "order":3
    }
  },
  {
    "pk":3006,
    "model":"subscription.subscriptionplan",
    "fields":{
      "yearly":true,
      "epic_tool":true,
      "planning_poker":true,
      "kanban":false,
      "live_updates":true,
      "price_val":"89.99",
      "tagline":"Most Popular Plan",
      "storage":999,
      "featured_plan":true,
      "special_allowed":false,
      "users":30,
      "spreedly_id":24513,
      "price":"$899.90/year",
      "premium_plan":true,
      "show_in_grid":false,
      "active":false,
      "emails":true,
      "projects":999,
      "name":"Gold",
      "time_tracking":true,
      "feature_level":"gold-d-y",
      "custom_status":true,
      "premium_integrations":true,
      "order":2
    }
  },
  {
    "pk":3007,
    "model":"subscription.subscriptionplan",
    "fields":{
      "yearly":true,
      "epic_tool":true,
      "planning_poker":true,
      "kanban":false,
      "live_updates":true,
      "price_val":"199.99",
      "tagline":"For large companies",
      "storage":999,
      "featured_plan":false,
      "special_allowed":false,
      "users":60,
      "spreedly_id":24515,
      "price":"$1999.90/year",
      "premium_plan":true,
      "show_in_grid":false,
      "active":false,
      "emails":true,
      "projects":999,
      "name":"Platinum",
      "time_tracking":true,
      "feature_level":"platinum-d-y",
      "custom_status":true,
      "premium_integrations":true,
      "order":1
    }
  },
  {
    "pk":3008,
    "model":"subscription.subscriptionplan",
    "fields":{
      "yearly":false,
      "epic_tool":true,
      "planning_poker":true,
      "kanban":false,
      "live_updates":true,
      "price_val":"399.99",
      "tagline":"All you could need",
      "storage":999,
      "featured_plan":false,
      "special_allowed":false,
      "users":150,
      "spreedly_id":24516,
      "price":"$399.99/month",
      "premium_plan":true,
      "show_in_grid":false,
      "active":false,
      "emails":true,
      "projects":999,
      "name":"Diamond",
      "time_tracking":true,
      "feature_level":"diamond-d",
      "custom_status":true,
      "premium_integrations":true,
      "order":0
    }
  },
  {
    "pk":3009,
    "model":"subscription.subscriptionplan",
    "fields":{
      "yearly":true,
      "epic_tool":true,
      "planning_poker":true,
      "kanban":false,
      "live_updates":true,
      "price_val":"399.99",
      "tagline":"All you could need",
      "storage":999,
      "featured_plan":false,
      "special_allowed":false,
      "users":150,
      "spreedly_id":24517,
      "price":"$3999.90/year",
      "premium_plan":true,
      "show_in_grid":false,
      "active":false,
      "emails":true,
      "projects":999,
      "name":"Diamond",
      "time_tracking":true,
      "feature_level":"diamond-d-y",
      "custom_status":true,
      "premium_integrations":true,
      "order":0
    }
  },
  {
    "pk":3010,
    "model":"subscription.subscriptionplan",
    "fields":{
      "yearly":false,
      "epic_tool":true,
      "planning_poker":true,
      "kanban":true,
      "live_updates":true,
      "price_val":"199.99",
      "tagline":"",
      "storage":999,
      "featured_plan":false,
      "special_allowed":true,
      "users":75,
      "spreedly_id":25529,
      "price":"$199.99/month",
      "premium_plan":false,
      "show_in_grid":false,
      "active":false,
      "emails":true,
      "projects":999,
      "name":"Custom 75 User",
      "time_tracking":true,
      "feature_level":"custom-2",
      "custom_status":true,
      "premium_integrations":true,
      "order":1
    }
  },
  {
    "pk":3011,
    "model":"subscription.subscriptionplan",
    "fields":{
      "yearly":false,
      "epic_tool":true,
      "planning_poker":true,
      "kanban":true,
      "live_updates":true,
      "price_val":"17.99",
      "tagline":"",
      "storage":999,
      "featured_plan":false,
      "special_allowed":false,
      "users":10,
      "spreedly_id":25737,
      "price":"$17.99/month",
      "premium_plan":false,
      "show_in_grid":false,
      "active":true,
      "emails":true,
      "projects":999,
      "name":"Standard 10 User",
      "time_tracking":true,
      "feature_level":"user-10",
      "custom_status":true,
      "premium_integrations":true,
      "order":1
    }
  },
  {
    "pk":3012,
    "model":"subscription.subscriptionplan",
    "fields":{
      "yearly":false,
      "epic_tool":true,
      "planning_poker":true,
      "kanban":true,
      "live_updates":true,
      "price_val":"59.99",
      "tagline":"",
      "storage":999,
      "featured_plan":false,
      "special_allowed":false,
      "users":15,
      "spreedly_id":25738,
      "price":"$59.99/month",
      "premium_plan":false,
      "show_in_grid":true,
      "active":true,
      "emails":true,
      "projects":999,
      "name":"Standard 15 User",
      "time_tracking":true,
      "feature_level":"user-15",
      "custom_status":true,
      "premium_integrations":true,
      "order":2
    }
  },
  {
    "pk":3013,
    "model":"subscription.subscriptionplan",
    "fields":{
      "yearly":false,
      "epic_tool":true,
      "planning_poker":true,
      "kanban":true,
      "live_updates":true,
      "price_val":"119.99",
      "tagline":"",
      "storage":999,
      "featured_plan":false,
      "special_allowed":false,
      "users":30,
      "spreedly_id":25739,
      "price":"$119.99/month",
      "premium_plan":false,
      "show_in_grid":true,
      "active":true,
      "emails":true,
      "projects":999,
      "name":"Standard 30 User",
      "time_tracking":true,
      "feature_level":"user-30",
      "custom_status":true,
      "premium_integrations":true,
      "order":3
    }
  },
  {
    "pk":3014,
    "model":"subscription.subscriptionplan",
    "fields":{
      "yearly":false,
      "epic_tool":true,
      "planning_poker":true,
      "kanban":true,
      "live_updates":true,
      "price_val":"239.99",
      "tagline":"",
      "storage":999,
      "featured_plan":false,
      "special_allowed":false,
      "users":60,
      "spreedly_id":25740,
      "price":"$239.99/month",
      "premium_plan":false,
      "show_in_grid":true,
      "active":true,
      "emails":true,
      "projects":999,
      "name":"Standard 60 User",
      "time_tracking":true,
      "feature_level":"user-60",
      "custom_status":true,
      "premium_integrations":true,
      "order":4
    }
  },
  {
    "pk":3015,
    "model":"subscription.subscriptionplan",
    "fields":{
      "yearly":false,
      "epic_tool":true,
      "planning_poker":true,
      "kanban":true,
      "live_updates":true,
      "price_val":"299.99",
      "tagline":"",
      "storage":999,
      "featured_plan":false,
      "special_allowed":false,
      "users":100,
      "spreedly_id":25741,
      "price":"$299.99/month",
      "premium_plan":false,
      "show_in_grid":true,
      "active":true,
      "emails":true,
      "projects":999,
      "name":"Standard 100",
      "time_tracking":true,
      "feature_level":"user-100",
      "custom_status":true,
      "premium_integrations":true,
      "order":5
    }
  },
  {
    "pk":3016,
    "model":"subscription.subscriptionplan",
    "fields":{
      "yearly":false,
      "epic_tool":true,
      "planning_poker":true,
      "kanban":true,
      "live_updates":true,
      "price_val":"399.99",
      "tagline":"",
      "storage":999,
      "featured_plan":false,
      "special_allowed":false,
      "users":150,
      "spreedly_id":25742,
      "price":"$399.99/month",
      "premium_plan":false,
      "show_in_grid":true,
      "active":true,
      "emails":true,
      "projects":999,
      "name":"Standard 150",
      "time_tracking":true,
      "feature_level":"user-150",
      "custom_status":true,
      "premium_integrations":true,
      "order":6
    }
  },
  {
    "pk":3017,
    "model":"subscription.subscriptionplan",
    "fields":{
      "yearly":false,
      "epic_tool":true,
      "planning_poker":true,
      "kanban":true,
      "live_updates":true,
      "price_val":"479.99",
      "tagline":"",
      "storage":999,
      "featured_plan":false,
      "special_allowed":false,
      "users":200,
      "spreedly_id":25743,
      "price":"$479.99/month",
      "premium_plan":false,
      "show_in_grid":true,
      "active":true,
      "emails":true,
      "projects":999,
      "name":"Standard 200",
      "time_tracking":true,
      "feature_level":"user-200",
      "custom_status":true,
      "premium_integrations":true,
      "order":7
    }
  },
  {
    "pk":3018,
    "model":"subscription.subscriptionplan",
    "fields":{
      "yearly":false,
      "epic_tool":true,
      "planning_poker":true,
      "kanban":true,
      "live_updates":true,
      "price_val":"719.99",
      "tagline":"",
      "storage":999,
      "featured_plan":false,
      "special_allowed":false,
      "users":500,
      "spreedly_id":25744,
      "price":"$719.99/month",
      "premium_plan":false,
      "show_in_grid":true,
      "active":true,
      "emails":true,
      "projects":999,
      "name":"Standard 500",
      "time_tracking":true,
      "feature_level":"user-500",
      "custom_status":true,
      "premium_integrations":true,
      "order":8
    }
  },
  {
    "pk":3019,
    "model":"subscription.subscriptionplan",
    "fields":{
      "yearly":false,
      "epic_tool":true,
      "planning_poker":true,
      "kanban":true,
      "live_updates":true,
      "price_val":"1499.99",
      "tagline":"",
      "storage":999,
      "featured_plan":false,
      "special_allowed":false,
      "users":1000,
      "spreedly_id":25745,
      "price":"$1499.99/month",
      "premium_plan":false,
      "show_in_grid":true,
      "active":true,
      "emails":true,
      "projects":999,
      "name":"Standard 1000",
      "time_tracking":true,
      "feature_level":"user-1000",
      "custom_status":true,
      "premium_integrations":true,
      "order":9
    }
  },
  {
    "pk":3020,
    "model":"subscription.subscriptionplan",
    "fields":{
      "yearly":false,
      "epic_tool":true,
      "planning_poker":true,
      "kanban":true,
      "live_updates":true,
      "price_val":"1899.99",
      "tagline":"",
      "storage":999,
      "featured_plan":false,
      "special_allowed":false,
      "users":2000,
      "spreedly_id":25746,
      "price":"$1899.99/month",
      "premium_plan":false,
      "show_in_grid":true,
      "active":true,
      "emails":true,
      "projects":999,
      "name":"Standard 2000",
      "time_tracking":true,
      "feature_level":"user-2000",
      "custom_status":true,
      "premium_integrations":true,
      "order":10
    }
  },
  {
    "pk":3021,
    "model":"subscription.subscriptionplan",
    "fields":{
      "yearly":true,
      "epic_tool":true,
      "planning_poker":true,
      "kanban":true,
      "live_updates":true,
      "price_val":"14.99",
      "tagline":"",
      "storage":999,
      "featured_plan":false,
      "special_allowed":false,
      "users":10,
      "spreedly_id":25747,
      "price":"$179.90/year",
      "premium_plan":false,
      "show_in_grid":false,
      "active":true,
      "emails":true,
      "projects":999,
      "name":"Standard 10 User",
      "time_tracking":true,
      "feature_level":"user-10",
      "custom_status":true,
      "premium_integrations":true,
      "order":1
    }
  },
  {
    "pk":3022,
    "model":"subscription.subscriptionplan",
    "fields":{
      "yearly":true,
      "epic_tool":true,
      "planning_poker":true,
      "kanban":true,
      "live_updates":true,
      "price_val":"49.99",
      "tagline":"",
      "storage":999,
      "featured_plan":false,
      "special_allowed":false,
      "users":15,
      "spreedly_id":25748,
      "price":"$599.90/year",
      "premium_plan":false,
      "show_in_grid":true,
      "active":true,
      "emails":true,
      "projects":999,
      "name":"Standard 15 User",
      "time_tracking":true,
      "feature_level":"user-15",
      "custom_status":true,
      "premium_integrations":true,
      "order":2
    }
  },
  {
    "pk":3023,
    "model":"subscription.subscriptionplan",
    "fields":{
      "yearly":true,
      "epic_tool":true,
      "planning_poker":true,
      "kanban":true,
      "live_updates":true,
      "price_val":"99.99",
      "tagline":"",
      "storage":999,
      "featured_plan":false,
      "special_allowed":false,
      "users":30,
      "spreedly_id":25749,
      "price":"$1199.90/year",
      "premium_plan":false,
      "show_in_grid":true,
      "active":true,
      "emails":true,
      "projects":999,
      "name":"Standard 30 User",
      "time_tracking":true,
      "feature_level":"user-30",
      "custom_status":true,
      "premium_integrations":true,
      "order":3
    }
  },
  {
    "pk":3024,
    "model":"subscription.subscriptionplan",
    "fields":{
      "yearly":true,
      "epic_tool":true,
      "planning_poker":true,
      "kanban":true,
      "live_updates":true,
      "price_val":"199.99",
      "tagline":"",
      "storage":999,
      "featured_plan":false,
      "special_allowed":false,
      "users":60,
      "spreedly_id":25750,
      "price":"$2399.90/year",
      "premium_plan":false,
      "show_in_grid":true,
      "active":true,
      "emails":true,
      "projects":999,
      "name":"Standard 60 User",
      "time_tracking":true,
      "feature_level":"user-60",
      "custom_status":true,
      "premium_integrations":true,
      "order":4
    }
  },
  {
    "pk":3025,
    "model":"subscription.subscriptionplan",
    "fields":{
      "yearly":true,
      "epic_tool":true,
      "planning_poker":true,
      "kanban":true,
      "live_updates":true,
      "price_val":"249.99",
      "tagline":"",
      "storage":999,
      "featured_plan":false,
      "special_allowed":false,
      "users":100,
      "spreedly_id":25751,
      "price":"$2999.90/year",
      "premium_plan":false,
      "show_in_grid":true,
      "active":true,
      "emails":true,
      "projects":999,
      "name":"Standard 100",
      "time_tracking":true,
      "feature_level":"user-100",
      "custom_status":true,
      "premium_integrations":true,
      "order":5
    }
  },
  {
    "pk":3026,
    "model":"subscription.subscriptionplan",
    "fields":{
      "yearly":true,
      "epic_tool":true,
      "planning_poker":true,
      "kanban":true,
      "live_updates":true,
      "price_val":"333.33",
      "tagline":"",
      "storage":999,
      "featured_plan":false,
      "special_allowed":false,
      "users":150,
      "spreedly_id":25752,
      "price":"$3999.90/year",
      "premium_plan":false,
      "show_in_grid":true,
      "active":true,
      "emails":true,
      "projects":999,
      "name":"Standard 150",
      "time_tracking":true,
      "feature_level":"user-150",
      "custom_status":true,
      "premium_integrations":true,
      "order":6
    }
  },
  {
    "pk":3027,
    "model":"subscription.subscriptionplan",
    "fields":{
      "yearly":true,
      "epic_tool":true,
      "planning_poker":true,
      "kanban":true,
      "live_updates":true,
      "price_val":"399.99",
      "tagline":"",
      "storage":999,
      "featured_plan":false,
      "special_allowed":false,
      "users":200,
      "spreedly_id":25753,
      "price":"$4799.90/year",
      "premium_plan":false,
      "show_in_grid":true,
      "active":true,
      "emails":true,
      "projects":999,
      "name":"Standard 200",
      "time_tracking":true,
      "feature_level":"user-200",
      "custom_status":true,
      "premium_integrations":true,
      "order":7
    }
  },
  {
    "pk":3028,
    "model":"subscription.subscriptionplan",
    "fields":{
      "yearly":true,
      "epic_tool":true,
      "planning_poker":true,
      "kanban":true,
      "live_updates":true,
      "price_val":"599.99",
      "tagline":"",
      "storage":999,
      "featured_plan":false,
      "special_allowed":false,
      "users":500,
      "spreedly_id":25754,
      "price":"$7199.90/year",
      "premium_plan":false,
      "show_in_grid":true,
      "active":true,
      "emails":true,
      "projects":999,
      "name":"Standard 500",
      "time_tracking":true,
      "feature_level":"user-500",
      "custom_status":true,
      "premium_integrations":true,
      "order":8
    }
  },
  {
    "pk":3029,
    "model":"subscription.subscriptionplan",
    "fields":{
      "yearly":true,
      "epic_tool":true,
      "planning_poker":true,
      "kanban":true,
      "live_updates":true,
      "price_val":"1249.99",
      "tagline":"",
      "storage":999,
      "featured_plan":false,
      "special_allowed":false,
      "users":1000,
      "spreedly_id":25755,
      "price":"$14999.90/year",
      "premium_plan":false,
      "show_in_grid":true,
      "active":true,
      "emails":true,
      "projects":999,
      "name":"Standard 1000",
      "time_tracking":true,
      "feature_level":"user-1000",
      "custom_status":true,
      "premium_integrations":true,
      "order":9
    }
  },
  {
    "pk":3030,
    "model":"subscription.subscriptionplan",
    "fields":{
      "yearly":true,
      "epic_tool":true,
      "planning_poker":true,
      "kanban":true,
      "live_updates":true,
      "price_val":"1583.33",
      "tagline":"",
      "storage":999,
      "featured_plan":false,
      "special_allowed":false,
      "users":2000,
      "spreedly_id":25756,
      "price":"$18999.90/year",
      "premium_plan":false,
      "show_in_grid":true,
      "active":true,
      "emails":true,
      "projects":999,
      "name":"Standard 2000",
      "time_tracking":true,
      "feature_level":"user-2000",
      "custom_status":true,
      "premium_integrations":true,
      "order":10
    }
  },
  {
    "pk":3031,
    "model":"subscription.subscriptionplan",
    "fields":{
      "yearly":false,
      "epic_tool":true,
      "planning_poker":true,
      "kanban":true,
      "live_updates":true,
      "price_val":"0",
      "tagline":"",
      "storage":0,
      "featured_plan":false,
      "special_allowed":false,
      "users":2,
      "spreedly_id":-1,
      "price":"Free",
      "premium_plan":false,
      "show_in_grid":false,
      "active":true,
      "emails":true,
      "projects":3,
      "name":"Standard 2 User",
      "time_tracking":false,
      "feature_level":"free",
      "custom_status":true,
      "premium_integrations":false,
      "order":0
    }
  },
  {
    "pk":3032,
    "model":"subscription.subscriptionplan",
    "fields":{
      "yearly":false,
      "epic_tool":true,
      "planning_poker":true,
      "kanban":true,
      "live_updates":true,
      "price_val":"15",
      "tagline":"",
      "storage":999,
      "featured_plan":false,
      "special_allowed":false,
      "users":2,
      "spreedly_id":25998,
      "price":"$15.00/month",
      "premium_plan":true,
      "show_in_grid":false,
      "active":true,
      "emails":true,
      "projects":999,
      "name":"Premium 2 User",
      "time_tracking":true,
      "feature_level":"user-2",
      "custom_status":true,
      "premium_integrations":true,
      "order":1
    }
  },
  {
    "pk":3033,
    "model":"subscription.subscriptionplan",
    "fields":{
      "yearly":false,
      "epic_tool":true,
      "planning_poker":true,
      "kanban":true,
      "live_updates":true,
      "price_val":"59.99",
      "tagline":"",
      "storage":999,
      "featured_plan":false,
      "special_allowed":false,
      "users":10,
      "spreedly_id":25999,
      "price":"$59.99/month",
      "premium_plan":true,
      "show_in_grid":false,
      "active":true,
      "emails":true,
      "projects":999,
      "name":"Premium 10 User",
      "time_tracking":true,
      "feature_level":"user-10",
      "custom_status":true,
      "premium_integrations":true,
      "order":2
    }
  },
  {
    "pk":3034,
    "model":"subscription.subscriptionplan",
    "fields":{
      "yearly":false,
      "epic_tool":true,
      "planning_poker":true,
      "kanban":true,
      "live_updates":true,
      "price_val":"89.99",
      "tagline":"",
      "storage":999,
      "featured_plan":false,
      "special_allowed":false,
      "users":15,
      "spreedly_id":26000,
      "price":"$89.99/month",
      "premium_plan":true,
      "show_in_grid":true,
      "active":true,
      "emails":true,
      "projects":999,
      "name":"Premium 15 User",
      "time_tracking":true,
      "feature_level":"user-15",
      "custom_status":true,
      "premium_integrations":true,
      "order":3
    }
  },
  {
    "pk":3035,
    "model":"subscription.subscriptionplan",
    "fields":{
      "yearly":false,
      "epic_tool":true,
      "planning_poker":true,
      "kanban":true,
      "live_updates":true,
      "price_val":"164.99",
      "tagline":"",
      "storage":999,
      "featured_plan":false,
      "special_allowed":false,
      "users":30,
      "spreedly_id":26001,
      "price":"$164.99/month",
      "premium_plan":true,
      "show_in_grid":true,
      "active":true,
      "emails":true,
      "projects":999,
      "name":"Premium 30 User",
      "time_tracking":true,
      "feature_level":"user-30",
      "custom_status":true,
      "premium_integrations":true,
      "order":4
    }
  },
  {
    "pk":3036,
    "model":"subscription.subscriptionplan",
    "fields":{
      "yearly":false,
      "epic_tool":true,
      "planning_poker":true,
      "kanban":true,
      "live_updates":true,
      "price_val":"314.99",
      "tagline":"",
      "storage":999,
      "featured_plan":false,
      "special_allowed":false,
      "users":60,
      "spreedly_id":26002,
      "price":"$314.99/month",
      "premium_plan":true,
      "show_in_grid":true,
      "active":true,
      "emails":true,
      "projects":999,
      "name":"Premium 60 User",
      "time_tracking":true,
      "feature_level":"user-60",
      "custom_status":true,
      "premium_integrations":true,
      "order":5
    }
  },
  {
    "pk":3037,
    "model":"subscription.subscriptionplan",
    "fields":{
      "yearly":false,
      "epic_tool":true,
      "planning_poker":true,
      "kanban":true,
      "live_updates":true,
      "price_val":"449.99",
      "tagline":"",
      "storage":999,
      "featured_plan":false,
      "special_allowed":false,
      "users":100,
      "spreedly_id":26003,
      "price":"$449.99/month",
      "premium_plan":true,
      "show_in_grid":true,
      "active":true,
      "emails":true,
      "projects":999,
      "name":"Premium 100 User",
      "time_tracking":true,
      "feature_level":"user-100",
      "custom_status":true,
      "premium_integrations":true,
      "order":6
    }
  },
  {
    "pk":3038,
    "model":"subscription.subscriptionplan",
    "fields":{
      "yearly":true,
      "epic_tool":true,
      "planning_poker":true,
      "kanban":true,
      "live_updates":true,
      "price_val":"12.5",
      "tagline":"",
      "storage":999,
      "featured_plan":false,
      "special_allowed":false,
      "users":2,
      "spreedly_id":26004,
      "price":"$150.00/year",
      "premium_plan":true,
      "show_in_grid":false,
      "active":true,
      "emails":true,
      "projects":999,
      "name":"Premium 2 User",
      "time_tracking":true,
      "feature_level":"user-2",
      "custom_status":true,
      "premium_integrations":true,
      "order":1
    }
  },
  {
    "pk":3039,
    "model":"subscription.subscriptionplan",
    "fields":{
      "yearly":true,
      "epic_tool":true,
      "planning_poker":true,
      "kanban":true,
      "live_updates":true,
      "price_val":"49.99",
      "tagline":"",
      "storage":999,
      "featured_plan":false,
      "special_allowed":false,
      "users":10,
      "spreedly_id":26005,
      "price":"$599.90/year",
      "premium_plan":true,
      "show_in_grid":false,
      "active":true,
      "emails":true,
      "projects":999,
      "name":"Premium 10 User",
      "time_tracking":true,
      "feature_level":"user-10",
      "custom_status":true,
      "premium_integrations":true,
      "order":2
    }
  },
  {
    "pk":3040,
    "model":"subscription.subscriptionplan",
    "fields":{
      "yearly":true,
      "epic_tool":true,
      "planning_poker":true,
      "kanban":true,
      "live_updates":true,
      "price_val":"74.99",
      "tagline":"",
      "storage":999,
      "featured_plan":false,
      "special_allowed":false,
      "users":15,
      "spreedly_id":26006,
      "price":"$899.90/year",
      "premium_plan":true,
      "show_in_grid":true,
      "active":true,
      "emails":true,
      "projects":999,
      "name":"Premium 15 User",
      "time_tracking":true,
      "feature_level":"user-15",
      "custom_status":true,
      "premium_integrations":true,
      "order":3
    }
  },
  {
    "pk":3041,
    "model":"subscription.subscriptionplan",
    "fields":{
      "yearly":true,
      "epic_tool":true,
      "planning_poker":true,
      "kanban":true,
      "live_updates":true,
      "price_val":"137.99",
      "tagline":"",
      "storage":999,
      "featured_plan":false,
      "special_allowed":false,
      "users":30,
      "spreedly_id":26007,
      "price":"$1649.90/year",
      "premium_plan":true,
      "show_in_grid":true,
      "active":true,
      "emails":true,
      "projects":999,
      "name":"Premium 30 User",
      "time_tracking":true,
      "feature_level":"user-30",
      "custom_status":true,
      "premium_integrations":true,
      "order":4
    }
  },
  {
    "pk":3042,
    "model":"subscription.subscriptionplan",
    "fields":{
      "yearly":true,
      "epic_tool":true,
      "planning_poker":true,
      "kanban":true,
      "live_updates":true,
      "price_val":"262.49",
      "tagline":"",
      "storage":999,
      "featured_plan":false,
      "special_allowed":false,
      "users":60,
      "spreedly_id":26008,
      "price":"$3149.90/year",
      "premium_plan":true,
      "show_in_grid":true,
      "active":true,
      "emails":true,
      "projects":999,
      "name":"Premium 60 User",
      "time_tracking":true,
      "feature_level":"user-60",
      "custom_status":true,
      "premium_integrations":true,
      "order":5
    }
  },
  {
    "pk":3043,
    "model":"subscription.subscriptionplan",
    "fields":{
      "yearly":true,
      "epic_tool":true,
      "planning_poker":true,
      "kanban":true,
      "live_updates":true,
      "price_val":"374.49",
      "tagline":"",
      "storage":999,
      "featured_plan":false,
      "special_allowed":false,
      "users":100,
      "spreedly_id":26009,
      "price":"$4499.90/year",
      "premium_plan":true,
      "show_in_grid":true,
      "active":true,
      "emails":true,
      "projects":999,
      "name":"Premium 100 User",
      "time_tracking":true,
      "feature_level":"user-100",
      "custom_status":true,
      "premium_integrations":true,
      "order":6
    }
  },
  {
    "pk":3044,
    "model":"subscription.subscriptionplan",
    "fields":{
      "yearly":false,
      "epic_tool":true,
      "planning_poker":true,
      "kanban":true,
      "live_updates":true,
      "price_val":"59.99",
      "tagline":"",
      "storage":999,
      "featured_plan":false,
      "special_allowed":false,
      "users":5,
      "spreedly_id":26023,
      "price":"$59.99/month",
      "premium_plan":true,
      "show_in_grid":true,
      "active":true,
      "emails":true,
      "projects":999,
      "name":"Premium 5 User",
      "time_tracking":true,
      "feature_level":"user-5",
      "custom_status":true,
      "premium_integrations":true,
      "order":1
    }
  },
  {
    "pk":3045,
    "model":"subscription.subscriptionplan",
    "fields":{
      "yearly":true,
      "epic_tool":true,
      "planning_poker":true,
      "kanban":true,
      "live_updates":true,
      "price_val":"49.99",
      "tagline":"",
      "storage":999,
      "featured_plan":false,
      "special_allowed":false,
      "users":5,
      "spreedly_id":26022,
      "price":"$599.90/year",
      "premium_plan":true,
      "show_in_grid":true,
      "active":true,
      "emails":true,
      "projects":999,
      "name":"Premium 5 User",
      "time_tracking":true,
      "feature_level":"user-5",
      "custom_status":true,
      "premium_integrations":true,
      "order":1
    }
  },
  {
    "pk":3046,
    "model":"subscription.subscriptionplan",
    "fields":{
      "yearly":false,
      "epic_tool":true,
      "planning_poker":true,
      "kanban":true,
      "live_updates":true,
      "price_val":"17.99",
      "tagline":"",
      "storage":999,
      "featured_plan":false,
      "special_allowed":false,
      "users":5,
      "spreedly_id":26020,
      "price":"$17.99/month",
      "premium_plan":false,
      "show_in_grid":true,
      "active":true,
      "emails":true,
      "projects":999,
      "name":"Standard 5 User",
      "time_tracking":true,
      "feature_level":"user-5",
      "custom_status":true,
      "premium_integrations":true,
      "order":2
    }
  },
  {
    "pk":3047,
    "model":"subscription.subscriptionplan",
    "fields":{
      "yearly":true,
      "epic_tool":true,
      "planning_poker":true,
      "kanban":true,
      "live_updates":true,
      "price_val":"14.99",
      "tagline":"",
      "storage":999,
      "featured_plan":false,
      "special_allowed":false,
      "users":5,
      "spreedly_id":26021,
      "price":"$179.90/year",
      "premium_plan":false,
      "show_in_grid":true,
      "active":true,
      "emails":true,
      "projects":999,
      "name":"Standard 5 User",
      "time_tracking":true,
      "feature_level":"user-5",
      "custom_status":true,
      "premium_integrations":true,
      "order":2
    }
  },
  {
    "pk":3048,
    "model":"subscription.subscriptionplan",
    "fields":{
      "yearly":false,
      "epic_tool":true,
      "planning_poker":true,
      "kanban":true,
      "live_updates":true,
      "price_val":"74.99",
      "tagline":"",
      "storage":999,
      "featured_plan":false,
      "special_allowed":false,
      "users":10,
      "spreedly_id":26024,
      "price":"$74.99/month",
      "premium_plan":true,
      "show_in_grid":true,
      "active":true,
      "emails":true,
      "projects":999,
      "name":"Premium 10 User",
      "time_tracking":true,
      "feature_level":"user-10",
      "custom_status":true,
      "premium_integrations":true,
      "order":3
    }
  },
  {
    "pk":3049,
    "model":"subscription.subscriptionplan",
    "fields":{
      "yearly":true,
      "epic_tool":true,
      "planning_poker":true,
      "kanban":true,
      "live_updates":true,
      "price_val":"62.49",
      "tagline":"",
      "storage":999,
      "featured_plan":false,
      "special_allowed":false,
      "users":10,
      "spreedly_id":26025,
      "price":"$749.90/year",
      "premium_plan":true,
      "show_in_grid":true,
      "active":true,
      "emails":true,
      "projects":999,
      "name":"Premium 10 User",
      "time_tracking":true,
      "feature_level":"user-10",
      "custom_status":true,
      "premium_integrations":true,
      "order":3
    }
  },
  {
    "pk":3050,
    "model":"subscription.subscriptionplan",
    "fields":{
      "yearly":false,
      "epic_tool":true,
      "planning_poker":true,
      "kanban":true,
      "live_updates":true,
      "price_val":"39.99",
      "tagline":"",
      "storage":999,
      "featured_plan":false,
      "special_allowed":false,
      "users":10,
      "spreedly_id":26027,
      "price":"$39.99/month",
      "premium_plan":false,
      "show_in_grid":true,
      "active":true,
      "emails":true,
      "projects":999,
      "name":"Standard 10 User",
      "time_tracking":true,
      "feature_level":"user-10",
      "custom_status":true,
      "premium_integrations":true,
      "order":4
    }
  },
  {
    "pk":3051,
    "model":"subscription.subscriptionplan",
    "fields":{
      "yearly":true,
      "epic_tool":true,
      "planning_poker":true,
      "kanban":true,
      "live_updates":true,
      "price_val":"33.33",
      "tagline":"",
      "storage":999,
      "featured_plan":false,
      "special_allowed":false,
      "users":10,
      "spreedly_id":26026,
      "price":"$399.90/year",
      "premium_plan":false,
      "show_in_grid":true,
      "active":true,
      "emails":true,
      "projects":999,
      "name":"Standard 10 User",
      "time_tracking":true,
      "feature_level":"user-10",
      "custom_status":true,
      "premium_integrations":true,
      "order":4
    }
  },
  {
    "pk":1,
    "model":"subscription.subscription",
    "fields":{
      "plan_id":3043,
      "is_billed":false,
      "level":0,
      "is_trial":true,
      "total_revenue":"0",
      "expires":"2016-01-13",
      "grace_until":null,
      "token":"",
      "active":true,
      "organization":1,
      "had_trial":true
    }
  },
  {
    "pk":1,
    "model":"kanban.workflow",
    "fields":{
      "project":2,
      "default":false,
      "name":"Everything",
      "flow_type":1
    }
  },
  {
    "pk":2,
    "model":"kanban.workflow",
    "fields":{
      "project":1,
      "default":false,
      "name":"Everything",
      "flow_type":1
    }
  },
  {
    "pk":1,
    "model":"kanban.workflowstep",
    "fields":{
      "report_color":7634569,
      "mapped_status":-1,
      "order":1,
      "name":"Todo",
      "workflow":1
    }
  },
  {
    "pk":5,
    "model":"kanban.workflowstep",
    "fields":{
      "report_color":7634569,
      "mapped_status":-1,
      "order":1,
      "name":"Todo",
      "workflow":2
    }
  },
  {
    "pk":2,
    "model":"kanban.workflowstep",
    "fields":{
      "report_color":3709147,
      "mapped_status":-1,
      "order":2,
      "name":"Doing",
      "workflow":1
    }
  },
  {
    "pk":6,
    "model":"kanban.workflowstep",
    "fields":{
      "report_color":3709147,
      "mapped_status":-1,
      "order":2,
      "name":"Doing",
      "workflow":2
    }
  },
  {
    "pk":3,
    "model":"kanban.workflowstep",
    "fields":{
      "report_color":16086606,
      "mapped_status":-1,
      "order":3,
      "name":"Reviewing",
      "workflow":1
    }
  },
  {
    "pk":7,
    "model":"kanban.workflowstep",
    "fields":{
      "report_color":16086606,
      "mapped_status":-1,
      "order":3,
      "name":"Reviewing",
      "workflow":2
    }
  },
  {
    "pk":4,
    "model":"kanban.workflowstep",
    "fields":{
      "report_color":3460211,
      "mapped_status":-1,
      "order":4,
      "name":"Done",
      "workflow":1
    }
  },
  {
    "pk":8,
    "model":"kanban.workflowstep",
    "fields":{
      "report_color":3460211,
      "mapped_status":-1,
      "order":4,
      "name":"Done",
      "workflow":2
    }
  },
  {
    "pk":1,
    "model":"kanban.boardcell",
    "fields":{
      "policies":[

      ],
      "time_type":2,
      "height":400,
      "headerColor":7634569,
      "layout":0,
      "backgroundColor":16448250,
      "wipLimit":0,
      "label":"Todo",
      "project":2,
      "width":300,
      "policy_text":"",
      "cellType":0,
      "full_label":"Todo",
      "steps":[
        1
      ],
      "y":0,
      "x":0,
      "wip_policy":null,
      "leadTime":true,
      "pointLimit":0
    }
  },
  {
    "pk":2,
    "model":"kanban.boardcell",
    "fields":{
      "policies":[

      ],
      "time_type":2,
      "height":400,
      "headerColor":3709147,
      "layout":0,
      "backgroundColor":16448250,
      "wipLimit":0,
      "label":"Doing",
      "project":2,
      "width":300,
      "policy_text":"",
      "cellType":0,
      "full_label":"Doing",
      "steps":[
        2
      ],
      "y":0,
      "x":300,
      "wip_policy":null,
      "leadTime":true,
      "pointLimit":0
    }
  },
  {
    "pk":3,
    "model":"kanban.boardcell",
    "fields":{
      "policies":[

      ],
      "time_type":2,
      "height":400,
      "headerColor":16086606,
      "layout":0,
      "backgroundColor":16448250,
      "wipLimit":0,
      "label":"Reviewing",
      "project":2,
      "width":300,
      "policy_text":"",
      "cellType":0,
      "full_label":"Reviewing",
      "steps":[
        3
      ],
      "y":0,
      "x":600,
      "wip_policy":null,
      "leadTime":true,
      "pointLimit":0
    }
  },
  {
    "pk":4,
    "model":"kanban.boardcell",
    "fields":{
      "policies":[

      ],
      "time_type":3,
      "height":400,
      "headerColor":3460211,
      "layout":0,
      "backgroundColor":16448250,
      "wipLimit":0,
      "label":"Done",
      "project":2,
      "width":300,
      "policy_text":"",
      "cellType":0,
      "full_label":"Done",
      "steps":[
        4
      ],
      "y":0,
      "x":900,
      "wip_policy":null,
      "leadTime":true,
      "pointLimit":0
    }
  },
  {
    "pk":5,
    "model":"kanban.boardcell",
    "fields":{
      "policies":[

      ],
      "time_type":2,
      "height":400,
      "headerColor":7634569,
      "layout":0,
      "backgroundColor":16448250,
      "wipLimit":0,
      "label":"Todo",
      "project":1,
      "width":300,
      "policy_text":"",
      "cellType":0,
      "full_label":"Todo",
      "steps":[
        5
      ],
      "y":0,
      "x":0,
      "wip_policy":null,
      "leadTime":true,
      "pointLimit":0
    }
  },
  {
    "pk":6,
    "model":"kanban.boardcell",
    "fields":{
      "policies":[

      ],
      "time_type":2,
      "height":400,
      "headerColor":3709147,
      "layout":0,
      "backgroundColor":16448250,
      "wipLimit":0,
      "label":"Doing",
      "project":1,
      "width":300,
      "policy_text":"",
      "cellType":0,
      "full_label":"Doing",
      "steps":[
        6
      ],
      "y":0,
      "x":300,
      "wip_policy":null,
      "leadTime":true,
      "pointLimit":0
    }
  },
  {
    "pk":7,
    "model":"kanban.boardcell",
    "fields":{
      "policies":[

      ],
      "time_type":2,
      "height":400,
      "headerColor":16086606,
      "layout":0,
      "backgroundColor":16448250,
      "wipLimit":0,
      "label":"Reviewing",
      "project":1,
      "width":300,
      "policy_text":"",
      "cellType":0,
      "full_label":"Reviewing",
      "steps":[
        7
      ],
      "y":0,
      "x":600,
      "wip_policy":null,
      "leadTime":true,
      "pointLimit":0
    }
  },
  {
    "pk":8,
    "model":"kanban.boardcell",
    "fields":{
      "policies":[

      ],
      "time_type":3,
      "height":400,
      "headerColor":3460211,
      "layout":0,
      "backgroundColor":16448250,
      "wipLimit":0,
      "label":"Done",
      "project":1,
      "width":300,
      "policy_text":"",
      "cellType":0,
      "full_label":"Done",
      "steps":[
        8
      ],
      "y":0,
      "x":900,
      "wip_policy":null,
      "leadTime":true,
      "pointLimit":0
    }
  },
  {
    "pk":1,
    "model":"kanban.cellmovementlog",
    "fields":{
      "project":2,
      "last_cell_movement":10,
      "workflow":1
    }
  },
  {
    "pk":1,
    "model":"kanban.tagmovement",
    "fields":{
      "story":1,
      "created":"2015-12-14T16:42:11.113",
      "points_value":"2",
      "epic_id":0,
      "label_ids":"",
      "assignee_ids":"",
      "related_iteration":5,
      "tags_cache":"tutorial"
    }
  },
  {
    "pk":2,
    "model":"kanban.tagmovement",
    "fields":{
      "story":2,
      "created":"2015-12-14T16:42:11.567",
      "points_value":"3",
      "epic_id":2,
      "label_ids":"",
      "assignee_ids":"",
      "related_iteration":5,
      "tags_cache":"tutorial"
    }
  },
  {
    "pk":3,
    "model":"kanban.tagmovement",
    "fields":{
      "story":3,
      "created":"2015-12-14T16:42:11.963",
      "points_value":"5",
      "epic_id":2,
      "label_ids":"",
      "assignee_ids":"",
      "related_iteration":5,
      "tags_cache":"tutorial"
    }
  },
  {
    "pk":4,
    "model":"kanban.tagmovement",
    "fields":{
      "story":4,
      "created":"2015-12-14T16:42:13.166",
      "points_value":"5",
      "epic_id":3,
      "label_ids":"",
      "assignee_ids":"",
      "related_iteration":5,
      "tags_cache":"tutorial"
    }
  },
  {
    "pk":5,
    "model":"kanban.tagmovement",
    "fields":{
      "story":5,
      "created":"2015-12-14T16:42:13.575",
      "points_value":"0",
      "epic_id":2,
      "label_ids":"",
      "assignee_ids":"",
      "related_iteration":5,
      "tags_cache":"tutorial"
    }
  },
  {
    "pk":6,
    "model":"kanban.tagmovement",
    "fields":{
      "story":6,
      "created":"2015-12-14T16:42:13.959",
      "points_value":"3",
      "epic_id":0,
      "label_ids":"",
      "assignee_ids":"",
      "related_iteration":5,
      "tags_cache":"tutorial"
    }
  },
  {
    "pk":7,
    "model":"kanban.tagmovement",
    "fields":{
      "story":7,
      "created":"2015-12-14T16:42:14.301",
      "points_value":"2",
      "epic_id":0,
      "label_ids":"",
      "assignee_ids":"",
      "related_iteration":5,
      "tags_cache":"tutorial"
    }
  },
  {
    "pk":8,
    "model":"kanban.tagmovement",
    "fields":{
      "story":8,
      "created":"2015-12-14T16:42:14.752",
      "points_value":"2",
      "epic_id":3,
      "label_ids":"",
      "assignee_ids":"",
      "related_iteration":4,
      "tags_cache":"tutorial"
    }
  },
  {
    "pk":9,
    "model":"kanban.tagmovement",
    "fields":{
      "story":9,
      "created":"2015-12-14T16:42:14.947",
      "points_value":"8",
      "epic_id":2,
      "label_ids":"",
      "assignee_ids":"",
      "related_iteration":4,
      "tags_cache":"tutorial"
    }
  },
  {
    "pk":10,
    "model":"kanban.tagmovement",
    "fields":{
      "story":10,
      "created":"2015-12-14T16:42:15.143",
      "points_value":"5",
      "epic_id":3,
      "label_ids":"",
      "assignee_ids":"",
      "related_iteration":4,
      "tags_cache":"tutorial"
    }
  },
  {
    "pk":11,
    "model":"kanban.tagmovement",
    "fields":{
      "story":11,
      "created":"2015-12-14T16:42:15.344",
      "points_value":"5",
      "epic_id":0,
      "label_ids":"",
      "assignee_ids":"",
      "related_iteration":5,
      "tags_cache":"tutorial"
    }
  },
  {
    "pk":12,
    "model":"kanban.tagmovement",
    "fields":{
      "story":12,
      "created":"2015-12-14T16:42:15.752",
      "points_value":"0",
      "epic_id":0,
      "label_ids":"",
      "assignee_ids":"",
      "related_iteration":4,
      "tags_cache":"tutorial"
    }
  },
  {
    "pk":13,
    "model":"kanban.tagmovement",
    "fields":{
      "story":13,
      "created":"2015-12-14T16:42:15.899",
      "points_value":"0",
      "epic_id":0,
      "label_ids":"",
      "assignee_ids":"",
      "related_iteration":4,
      "tags_cache":"tutorial"
    }
  },
  {
    "pk":14,
    "model":"kanban.tagmovement",
    "fields":{
      "story":14,
      "created":"2015-12-14T16:42:16.045",
      "points_value":"0",
      "epic_id":0,
      "label_ids":"",
      "assignee_ids":"",
      "related_iteration":4,
      "tags_cache":"tutorial"
    }
  },
  {
    "pk":15,
    "model":"kanban.tagmovement",
    "fields":{
      "story":15,
      "created":"2015-12-14T16:42:16.201",
      "points_value":"0",
      "epic_id":0,
      "label_ids":"",
      "assignee_ids":"",
      "related_iteration":4,
      "tags_cache":"tutorial"
    }
  },
  {
    "pk":16,
    "model":"kanban.tagmovement",
    "fields":{
      "story":16,
      "created":"2015-12-14T16:42:16.342",
      "points_value":"0",
      "epic_id":0,
      "label_ids":"",
      "assignee_ids":"",
      "related_iteration":4,
      "tags_cache":"tutorial"
    }
  },
  {
    "pk":1,
    "model":"auth.user",
    "fields":{
      "username":"auto",
      "first_name":"Automatic",
      "last_name":"User",
      "is_active":true,
      "is_superuser":false,
      "is_staff":false,
      "last_login":"2015-12-14T16:41:14.691",
      "groups":[

      ],
      "user_permissions":[

      ],
      "password":"sha1$UqxHSXDgIjwu$da0f651b7f28bb3c51581f8e91713e889a2be4a5",
      "email":"auto@wpidalamar.com",
      "date_joined":"2015-12-14T16:41:14.043"
    }
  },
  {
    "pk":1,
    "model":"emailconfirmation.emailaddress",
    "fields":{
      "verified":false,
      "user":1,
      "primary":false,
      "email":"auto@wpidalamar.com"
    }
  },
  {
    "pk":1,
    "model":"projects.extrauserinfo",
    "fields":{
      "user":1,
      "full_name":"Automatic User"
    }
  },
  {
    "pk":1,
    "model":"projects.task",
    "fields":{
      "status":1,
      "story":3,
      "estimated_minutes":0,
      "modified":"2015-12-14T16:42:12.237",
      "summary":"Create your first task",
      "assignee":null,
      "tags_cache":null,
      "order":10
    }
  },
  {
    "pk":2,
    "model":"projects.task",
    "fields":{
      "status":1,
      "story":3,
      "estimated_minutes":0,
      "modified":"2015-12-14T16:42:12.431",
      "summary":"Move a sub task",
      "assignee":null,
      "tags_cache":null,
      "order":20
    }
  },
  {
    "pk":3,
    "model":"projects.task",
    "fields":{
      "status":10,
      "story":3,
      "estimated_minutes":0,
      "modified":"2015-12-14T16:42:12.579",
      "summary":"Open the sub task window",
      "assignee":null,
      "tags_cache":null,
      "order":50
    }
  },
  {
    "pk":1,
    "model":"projects.story",
    "fields":{
      "creator":1,
      "epic_rank":10000,
      "rank":10000,
      "assignee":[
        1
      ],
      "task_minutes":0,
      "category":null,
      "project":2,
      "has_external_links":false,
      "task_counts":"0,0,0,0,0,0,0,0,0,0",
      "detail":"<h1>Good Job!</h1><p>You just opened the detail window for this card. \u00a0From here you can see everything about it. \u00a0If you click around on it, you could edit it, go ahead and explore it a bit.</p><p>A card represents a unit of work in ScrumDo. \u00a0For teams doing Scrum, they are usually User Stories. \u00a0<span>If you are brand new to Scrum, take a look at our </span><a href=\"http://help.scrumdo.com/beginners/scrum.html\">Beginners Guide.</a></p><p>All of the cards in this tutorial project have more information if you open them.</p><p>When you're done with this card, feel free to close or save this window with the buttons in the upper right.</p>",
      "cell":1,
      "comment_count":0,
      "points":"2",
      "has_attachment":false,
      "tags_cache":"tutorial",
      "epic":null,
      "status":1,
      "due_date":null,
      "release_rank":500000,
      "epic_label":"",
      "release":null,
      "business_value":0,
      "has_commits":false,
      "created":"2015-12-14T16:42:11.099",
      "iteration":5,
      "modified":"2015-12-14T16:42:11.489",
      "summary":"<h1>Start Here!</h1><p>Click the pencil icon <span class=\"glyphicon glyphicon-pencil cards-edit\"></span> in the upper right hand of this card.</p>",
      "card_type":1,
      "estimated_minutes":0,
      "local_id":1,
      "assignees_cache":"Automatic User",
      "extra_1":null,
      "extra_2":null,
      "extra_3":null
    }
  },
  {
    "pk":2,
    "model":"projects.story",
    "fields":{
      "creator":1,
      "epic_rank":20000,
      "rank":20000,
      "assignee":[
        1
      ],
      "task_minutes":0,
      "category":null,
      "project":2,
      "has_external_links":false,
      "task_counts":"0,0,0,0,0,0,0,0,0,0",
      "detail":"<p>There are a couple other ways to move cards:</p><ul><li>The dropdown on the right of this window.</li><li>By shift-clicking several cards on the board and then using the move-card button in the toolbar (the grid of squares).</li></ul>",
      "cell":1,
      "comment_count":0,
      "points":"3",
      "has_attachment":false,
      "tags_cache":"tutorial",
      "epic":2,
      "status":1,
      "due_date":null,
      "release_rank":500000,
      "epic_label":"#E1 #E2",
      "release":null,
      "business_value":0,
      "has_commits":false,
      "created":"2015-12-14T16:42:11.554",
      "iteration":5,
      "modified":"2015-12-14T16:42:11.875",
      "summary":"<h1>Move Cards</h1><p>You can drag these cards into the columns on the right to track what is happening with them.</p>",
      "card_type":1,
      "estimated_minutes":0,
      "local_id":2,
      "assignees_cache":"Automatic User",
      "extra_1":null,
      "extra_2":null,
      "extra_3":null
    }
  },
  {
    "pk":3,
    "model":"projects.story",
    "fields":{
      "creator":1,
      "epic_rank":30000,
      "rank":30000,
      "assignee":[

      ],
      "task_minutes":0,
      "category":null,
      "project":2,
      "has_external_links":false,
      "task_counts":"2,0,0,0,0,0,0,0,0,1",
      "detail":"<p>See the &#34;Tasks&#34; button at the top of this window? \u00a0That will open a mini-board where you can create and manage the sub tasks for this card.</p><p>If you want to see your sub tasks on your main board, open up the board editor (see the next card) and make one of the columns a Task Column.</p><p>You can set up your task statuses in your project settings.</p>",
      "cell":1,
      "comment_count":0,
      "points":"5",
      "has_attachment":false,
      "tags_cache":"tutorial",
      "epic":2,
      "status":1,
      "due_date":null,
      "release_rank":500000,
      "epic_label":"#E1 #E2",
      "release":null,
      "business_value":0,
      "has_commits":false,
      "created":"2015-12-14T16:42:11.950",
      "iteration":5,
      "modified":"2015-12-14T16:42:13.089",
      "summary":"<h1>Sub Tasks</h1><p>A lot of teams will create Sub Tasks on their user stories. \u00a0Open this card to see how.</p>",
      "card_type":1,
      "estimated_minutes":0,
      "local_id":3,
      "assignees_cache":"",
      "extra_1":null,
      "extra_2":null,
      "extra_3":null
    }
  },
  {
    "pk":4,
    "model":"projects.story",
    "fields":{
      "creator":1,
      "epic_rank":40000,
      "rank":40000,
      "assignee":[

      ],
      "task_minutes":0,
      "category":null,
      "project":2,
      "has_external_links":false,
      "task_counts":"0,0,0,0,0,0,0,0,0,0",
      "detail":"<p>Within that, you can find the &#34;Board Editor&#34; that lets you change how this board looks to match your team's workflow.</p><p>When you're done with this tutorial project, you'll also find the Delete option in there under Admin Options</p>",
      "cell":1,
      "comment_count":0,
      "points":"5",
      "has_attachment":false,
      "tags_cache":"tutorial",
      "epic":3,
      "status":1,
      "due_date":null,
      "release_rank":500000,
      "epic_label":"#E1 #E3",
      "release":null,
      "business_value":0,
      "has_commits":false,
      "created":"2015-12-14T16:42:13.155",
      "iteration":5,
      "modified":"2015-12-14T16:42:13.487",
      "summary":"<h1>Customize your project</h1><p>Click the &#34;Settings&#34; button at the top of your board to customize all aspects of your project. \u00a0</p>",
      "card_type":1,
      "estimated_minutes":0,
      "local_id":4,
      "assignees_cache":"",
      "extra_1":null,
      "extra_2":null,
      "extra_3":null
    }
  },
  {
    "pk":5,
    "model":"projects.story",
    "fields":{
      "creator":1,
      "epic_rank":50000,
      "rank":50000,
      "assignee":[

      ],
      "task_minutes":0,
      "category":null,
      "project":2,
      "has_external_links":false,
      "task_counts":"0,0,0,0,0,0,0,0,0,0",
      "detail":"<div>Some other ways:</div><ul><li>Open your backlog panel on the left and use the quick-add form at the top.</li><li>Open the card-list view of an iteration from the navigation panel on the right and use the quick-add form at the top of that page.<br/><img src=\"https://s3.amazonaws.com/scrumdo-cdn/manual_uploads/tutorial_project/ScrumDo.png\"/><br/></li><li>Create a new card from the Planning tool</li><li>Import cards via Excel</li><li>Import GitHub issues via our integration</li></ul>",
      "cell":1,
      "comment_count":0,
      "points":"?",
      "has_attachment":false,
      "tags_cache":"tutorial",
      "epic":2,
      "status":1,
      "due_date":null,
      "release_rank":500000,
      "epic_label":"#E1 #E2",
      "release":null,
      "business_value":0,
      "has_commits":false,
      "created":"2015-12-14T16:42:13.560",
      "iteration":5,
      "modified":"2015-12-14T16:42:13.869",
      "summary":"<h1>Create a card</h1><p>There are several ways to create a card, the easiest is the dropdown menu at the top of each column on your board.</p>",
      "card_type":1,
      "estimated_minutes":0,
      "local_id":5,
      "assignees_cache":"",
      "extra_1":null,
      "extra_2":null,
      "extra_3":null
    }
  },
  {
    "pk":6,
    "model":"projects.story",
    "fields":{
      "creator":1,
      "epic_rank":60000,
      "rank":60000,
      "assignee":[

      ],
      "task_minutes":0,
      "category":null,
      "project":2,
      "has_external_links":false,
      "task_counts":"0,0,0,0,0,0,0,0,0,0",
      "detail":"<p>Open the panel on the left to get a miniature view of your backlog right from your board.</p><p>Or you can click on &#34;Backlog&#34; in the right navigation panel to go to your full backlog.</p>",
      "cell":1,
      "comment_count":0,
      "points":"3",
      "has_attachment":false,
      "tags_cache":"tutorial",
      "epic":null,
      "status":1,
      "due_date":null,
      "release_rank":500000,
      "epic_label":"",
      "release":null,
      "business_value":0,
      "has_commits":false,
      "created":"2015-12-14T16:42:13.945",
      "iteration":5,
      "modified":"2015-12-14T16:42:14.226",
      "summary":"<h1>Backlog</h1><p>Your backlog is where future work not currently being worked on goes.</p>",
      "card_type":1,
      "estimated_minutes":0,
      "local_id":6,
      "assignees_cache":"",
      "extra_1":null,
      "extra_2":null,
      "extra_3":null
    }
  },
  {
    "pk":7,
    "model":"projects.story",
    "fields":{
      "creator":1,
      "epic_rank":70000,
      "rank":70000,
      "assignee":[

      ],
      "task_minutes":0,
      "category":null,
      "project":2,
      "has_external_links":false,
      "task_counts":"0,0,0,0,0,0,0,0,0,0",
      "detail":"<p>We have some guides available at:\u00a0<a href=\"http://help.scrumdo.com/help/\">http://help.scrumdo.com/help/</a></p><p>You can also email us: <a href=\"mailto:support@scrumdo.com\">support@scrumdo.com</a></p>",
      "cell":2,
      "comment_count":0,
      "points":"2",
      "has_attachment":false,
      "tags_cache":"tutorial",
      "epic":null,
      "status":1,
      "due_date":null,
      "release_rank":500000,
      "epic_label":"",
      "release":null,
      "business_value":0,
      "has_commits":false,
      "created":"2015-12-14T16:42:14.289",
      "iteration":5,
      "modified":"2015-12-14T16:42:14.674",
      "summary":"<h1>Getting Help</h1><p>Click the Gear menu in the upper right corner and choose Help/Support to ask us anything.</p>",
      "card_type":1,
      "estimated_minutes":0,
      "local_id":7,
      "assignees_cache":"",
      "extra_1":null,
      "extra_2":null,
      "extra_3":null
    }
  },
  {
    "pk":8,
    "model":"projects.story",
    "fields":{
      "creator":1,
      "epic_rank":80000,
      "rank":80000,
      "assignee":[

      ],
      "task_minutes":0,
      "category":null,
      "project":2,
      "has_external_links":false,
      "task_counts":"0,0,0,0,0,0,0,0,0,0",
      "detail":"<p>If you're doing Scrumban or Kanban with continuous flow, leave the dates blank. \u00a0As cards are completed and no longer needed, you can archive them to keep things tidy.</p>",
      "cell":null,
      "comment_count":0,
      "points":"2",
      "has_attachment":false,
      "tags_cache":"tutorial",
      "epic":3,
      "status":1,
      "due_date":null,
      "release_rank":500000,
      "epic_label":"#E1 #E3",
      "release":null,
      "business_value":0,
      "has_commits":false,
      "created":"2015-12-14T16:42:14.740",
      "iteration":4,
      "modified":"2015-12-14T16:42:14.867",
      "summary":"<h1>Create an Iteration</h1><p>You're looking at a default iteration we made for you. \u00a0You can create a new one by clicking the &#34;Add Iteration&#34; button that is inside the Navigation panel on the right.</p>",
      "card_type":1,
      "estimated_minutes":0,
      "local_id":8,
      "assignees_cache":"",
      "extra_1":null,
      "extra_2":null,
      "extra_3":null
    }
  },
  {
    "pk":9,
    "model":"projects.story",
    "fields":{
      "creator":1,
      "epic_rank":90000,
      "rank":90000,
      "assignee":[

      ],
      "task_minutes":0,
      "category":null,
      "project":2,
      "has_external_links":false,
      "task_counts":"0,0,0,0,0,0,0,0,0,0",
      "detail":"<p>Click on Planning in the right navigation bar to get to it.</p>",
      "cell":null,
      "comment_count":0,
      "points":"8",
      "has_attachment":false,
      "tags_cache":"tutorial",
      "epic":2,
      "status":1,
      "due_date":null,
      "release_rank":500000,
      "epic_label":"#E1 #E2",
      "release":null,
      "business_value":0,
      "has_commits":false,
      "created":"2015-12-14T16:42:14.934",
      "iteration":4,
      "modified":"2015-12-14T16:42:15.060",
      "summary":"<h1>Planning Tool</h1><p>The planning tool lets you create Epics to categorize your cards, and to plan out your iterations.</p>",
      "card_type":1,
      "estimated_minutes":0,
      "local_id":9,
      "assignees_cache":"",
      "extra_1":null,
      "extra_2":null,
      "extra_3":null
    }
  },
  {
    "pk":10,
    "model":"projects.story",
    "fields":{
      "creator":1,
      "epic_rank":100000,
      "rank":100000,
      "assignee":[

      ],
      "task_minutes":0,
      "category":null,
      "project":2,
      "has_external_links":false,
      "task_counts":"0,0,0,0,0,0,0,0,0,0",
      "detail":"<p>Teams also define the access people have and what projects they can access.</p>",
      "cell":null,
      "comment_count":0,
      "points":"5",
      "has_attachment":false,
      "tags_cache":"tutorial",
      "epic":3,
      "status":1,
      "due_date":null,
      "release_rank":500000,
      "epic_label":"#E1 #E3",
      "release":null,
      "business_value":0,
      "has_commits":false,
      "created":"2015-12-14T16:42:15.131",
      "iteration":4,
      "modified":"2015-12-14T16:42:15.263",
      "summary":"<h1>Invite Other People</h1><p>You can invite other people via 'Teams' from your organization dashboard.</p>",
      "card_type":1,
      "estimated_minutes":0,
      "local_id":10,
      "assignees_cache":"",
      "extra_1":null,
      "extra_2":null,
      "extra_3":null
    }
  },
  {
    "pk":11,
    "model":"projects.story",
    "fields":{
      "creator":1,
      "epic_rank":110000,
      "rank":110000,
      "assignee":[

      ],
      "task_minutes":0,
      "category":null,
      "project":2,
      "has_external_links":false,
      "task_counts":"0,0,0,0,0,0,0,0,0,0",
      "detail":"Since you're seeing this, you have already completed this one!",
      "cell":4,
      "comment_count":0,
      "points":"5",
      "has_attachment":false,
      "tags_cache":"tutorial",
      "epic":null,
      "status":1,
      "due_date":null,
      "release_rank":500000,
      "epic_label":"",
      "release":null,
      "business_value":0,
      "has_commits":false,
      "created":"2015-12-14T16:42:15.330",
      "iteration":5,
      "modified":"2015-12-14T16:42:15.689",
      "summary":"Create a ScrumDo Trial",
      "card_type":1,
      "estimated_minutes":0,
      "local_id":11,
      "assignees_cache":"",
      "extra_1":null,
      "extra_2":null,
      "extra_3":null
    }
  },
  {
    "pk":12,
    "model":"projects.story",
    "fields":{
      "creator":1,
      "epic_rank":120000,
      "rank":120000,
      "assignee":[

      ],
      "task_minutes":0,
      "category":null,
      "project":2,
      "has_external_links":false,
      "task_counts":"0,0,0,0,0,0,0,0,0,0",
      "detail":"<p>Click the Reports link in the right navbar.  There are a couple days of sample data in this project.</p>",
      "cell":null,
      "comment_count":0,
      "points":"?",
      "has_attachment":false,
      "tags_cache":"tutorial",
      "epic":null,
      "status":1,
      "due_date":null,
      "release_rank":500000,
      "epic_label":"",
      "release":null,
      "business_value":0,
      "has_commits":false,
      "created":"2015-12-14T16:42:15.740",
      "iteration":4,
      "modified":"2015-12-14T16:42:15.837",
      "summary":"<h1>Reports</h1><p>Track your progress in your project with reports.</p>",
      "card_type":1,
      "estimated_minutes":0,
      "local_id":12,
      "assignees_cache":"",
      "extra_1":null,
      "extra_2":null,
      "extra_3":null
    }
  },
  {
    "pk":13,
    "model":"projects.story",
    "fields":{
      "creator":1,
      "epic_rank":130000,
      "rank":130000,
      "assignee":[

      ],
      "task_minutes":0,
      "category":null,
      "project":2,
      "has_external_links":false,
      "task_counts":"0,0,0,0,0,0,0,0,0,0",
      "detail":"<p>That is also where you can delete or archive iterations.</p>",
      "cell":null,
      "comment_count":0,
      "points":"?",
      "has_attachment":false,
      "tags_cache":"tutorial",
      "epic":null,
      "status":1,
      "due_date":null,
      "release_rank":500000,
      "epic_label":"",
      "release":null,
      "business_value":0,
      "has_commits":false,
      "created":"2015-12-14T16:42:15.889",
      "iteration":4,
      "modified":"2015-12-14T16:42:15.983",
      "summary":"<h1>Edit Iteration</h1><p>You can change the name or dates of an iteration by going into the card list view <span class='glyphicon glyphicon-align-justify'></span> and clicking Iteration Settings at the top.</p>",
      "card_type":1,
      "estimated_minutes":0,
      "local_id":13,
      "assignees_cache":"",
      "extra_1":null,
      "extra_2":null,
      "extra_3":null
    }
  },
  {
    "pk":14,
    "model":"projects.story",
    "fields":{
      "creator":1,
      "epic_rank":140000,
      "rank":140000,
      "assignee":[

      ],
      "task_minutes":0,
      "category":null,
      "project":2,
      "has_external_links":false,
      "task_counts":"0,0,0,0,0,0,0,0,0,0",
      "detail":"<p>For more information, see <a href='http://help.scrumdo.com/help/integrations.html'>http://help.scrumdo.com/help/integrations.html</a></p>",
      "cell":null,
      "comment_count":0,
      "points":"?",
      "has_attachment":false,
      "tags_cache":"tutorial",
      "epic":null,
      "status":1,
      "due_date":null,
      "release_rank":500000,
      "epic_label":"",
      "release":null,
      "business_value":0,
      "has_commits":false,
      "created":"2015-12-14T16:42:16.033",
      "iteration":4,
      "modified":"2015-12-14T16:42:16.141",
      "summary":"<h1>Integrations</h1><p>Find integrations with GitHub, Hipchat, Flowdock, and Slack in the Settings link at the top of your board.</p>",
      "card_type":1,
      "estimated_minutes":0,
      "local_id":14,
      "assignees_cache":"",
      "extra_1":null,
      "extra_2":null,
      "extra_3":null
    }
  },
  {
    "pk":15,
    "model":"projects.story",
    "fields":{
      "creator":1,
      "epic_rank":150000,
      "rank":150000,
      "assignee":[

      ],
      "task_minutes":0,
      "category":null,
      "project":2,
      "has_external_links":false,
      "task_counts":"0,0,0,0,0,0,0,0,0,0",
      "detail":"<p>You can also enter a time estimate and see value/time.</p>  <p>Change how you sort cards with the <i class='fa fa-sort-alpha-asc'></i> button.  Click the <i class='fa fa-unsorted'></i> priority button to toggle priority mode.</p>",
      "cell":null,
      "comment_count":0,
      "points":"?",
      "has_attachment":false,
      "tags_cache":"tutorial",
      "epic":null,
      "status":1,
      "due_date":null,
      "release_rank":500000,
      "epic_label":"",
      "release":null,
      "business_value":2500,
      "has_commits":false,
      "created":"2015-12-14T16:42:16.190",
      "iteration":4,
      "modified":"2015-12-14T16:42:16.284",
      "summary":"<h1>Priortize Cards</h1><p>You can prioritze cards by business value, points, or dragging them up or down in the list.</p>",
      "card_type":1,
      "estimated_minutes":240,
      "local_id":15,
      "assignees_cache":"",
      "extra_1":null,
      "extra_2":null,
      "extra_3":null
    }
  },
  {
    "pk":16,
    "model":"projects.story",
    "fields":{
      "creator":1,
      "epic_rank":160000,
      "rank":160000,
      "assignee":[

      ],
      "task_minutes":0,
      "category":null,
      "project":2,
      "has_external_links":false,
      "task_counts":"0,0,0,0,0,0,0,0,0,0",
      "detail":"<p>Click the Planning Poker button at the top of the card edit window.</p>",
      "cell":null,
      "comment_count":0,
      "points":"?",
      "has_attachment":false,
      "tags_cache":"tutorial",
      "epic":null,
      "status":1,
      "due_date":null,
      "release_rank":500000,
      "epic_label":"",
      "release":null,
      "business_value":0,
      "has_commits":false,
      "created":"2015-12-14T16:42:16.331",
      "iteration":4,
      "modified":"2015-12-14T16:42:16.486",
      "summary":"<h1>Planning Poker</h1><p>Use planning poker to estimate cards with your team.</p>",
      "card_type":1,
      "estimated_minutes":0,
      "local_id":16,
      "assignees_cache":"",
      "extra_1":null,
      "extra_2":null,
      "extra_3":null
    }
  },
  {
    "pk":1,
    "model":"projects.project",
    "fields":{
      "extra_2_label":null,
      "default_cell":null,
      "creator":1,
      "private":true,
      "project_type":1,
      "live_updates":false,
      "use_extra_1":false,
      "use_extra_2":false,
      "use_extra_3":false,
      "category":"",
      "extra_3_label":null,
      "render_mode":0,
      "personal":false,

      "task_status_names":"Todo                          Doing                                                       Done      ",
      "release_project":null,
      "status_names":"Todo                          Doing                         Reviewing                     Done      ",
      "description":"",
      "has_iterations_hidden":false,
      "card_types":"User Story          Feature                                           Bug                           ",
      "velocity_iteration_span":null,
      "story_minutes":0,
      "velocity":null,
      "active":true,
      "iterations_left":null,
      "slug":"auto2",
      "categories":null,
      "abandoned":false,
      "organization":1,
      "point_scale_type":0,
      "name":"Auto2",
      "created":"2015-12-14T16:42:10.175",
      "velocity_type":1,
      "burnup_reset_date":null,
      "burnup_reset":0,
      "token":"w6t7viq",
      "extra_1_label":null

    }
  },
  {
    "pk":2,
    "model":"projects.project",
    "fields":{
      "extra_2_label":null,
      "default_cell":null,
      "creator":1,
      "private":true,
      "project_type":1,
      "live_updates":false,
      "use_extra_1":false,
      "use_extra_2":false,
      "use_extra_3":false,
      "category":"",
      "extra_3_label":null,
      "render_mode":0,
      "personal":false,

      "task_status_names":"Todo                          Doing                                                       Done      ",
      "release_project":null,
      "status_names":"Todo                          Doing                         Reviewing                     Done      ",
      "description":"",
      "has_iterations_hidden":false,
      "card_types":"User Story          Feature                                           Bug                           ",
      "velocity_iteration_span":null,
      "story_minutes":0,
      "velocity":null,
      "active":true,
      "iterations_left":null,
      "slug":"training38192",
      "categories":null,
      "abandoned":false,
      "organization":1,
      "point_scale_type":0,
      "name":"Sample Project",
      "created":"2015-12-14T16:42:10.570",
      "velocity_type":1,
      "burnup_reset_date":null,
      "burnup_reset":0,
      "token":"jub3nfo",
      "extra_1_label":null

    }
  },
  {
    "pk":1,
    "model":"account.account",
    "fields":{
      "timezone":"US/Eastern",
      "classic_mode":2,
      "user":1,
      "language":"en",
      "approved":true
    }
  },
  {
    "pk":1,
    "model":"organizations.team",
    "fields":{
      "assignable":true,
      "name":"Members",
      "access_type":"write",
      "members":[

      ],
      "organization":1,
      "projects":[
        1,
        2
      ]
    }
  },
  {
    "pk":2,
    "model":"organizations.team",
    "fields":{
      "assignable":true,
      "name":"Staff",
      "access_type":"staff",
      "members":[
        1
      ],
      "organization":1,
      "projects":[
        2
      ]
    }
  },
  {
    "pk":1,
    "model":"organizations.organization",
    "fields":{
      "classic_mode":2,
      "description":"",
      "creator":1,
      "created":"2015-12-14T16:42:10.098",
      "bill_to":"",
      "end_of_week":6,
      "source":"(direct) / (none)",
      "planning_mode":"unset",
      "allow_personal":true,
      "timezone":"US/Eastern",
      "active":true,
      "slug":"auto1",
      "name":"Auto1"
    }
  },
  {
    "pk":4,
    "model":"activities.newsitem",
    "fields":{
      "feed_url":null,
      "created":"2015-12-14T16:43:11.403",
      "text":"\ncreated iteration <a href=\"/projects/auto2/iteration/7\">Auto2 / Iteration #2</a>.\n\n",
      "project":1,
      "user":1,
      "related_story":null,
      "icon":"calendar_add"
    }
  },
  {
    "pk":3,
    "model":"activities.newsitem",
    "fields":{
      "feed_url":null,
      "created":"2015-12-14T16:42:11.072",
      "text":"created project <a href=\"/projects/project/training38192/\">Sample Project</a>",
      "project":2,
      "user":null,
      "related_story":null,
      "icon":"server_add"
    }
  },
  {
    "pk":2,
    "model":"activities.newsitem",
    "fields":{
      "feed_url":null,
      "created":"2015-12-14T16:42:10.258",
      "text":"created project <a href=\"/projects/project/auto2/\">Auto2</a>",
      "project":1,
      "user":1,
      "related_story":null,
      "icon":"server_add"
    }
  },
  {
    "pk":1,
    "model":"activities.newsitem",
    "fields":{
      "feed_url":null,
      "created":"2015-12-14T16:42:10.247",
      "text":"created organization <a href=\"/organization/auto1/dashboard\">Auto1</a>",
      "project":1,
      "user":1,
      "related_story":null,
      "icon":"building_add"
    }
  },
  {
    "pk":1,
    "model":"favorites.favorite",
    "fields":{
      "story":null,
      "iteration":null,
      "project":1,
      "user":1,
      "favorite_type":1,
      "epic":null
    }
  },
  {
    "pk":1,
    "model":"kanban.cellmovement",
    "fields":{
      "story":1,
      "assignee_ids":"",
      "created":"2015-12-12T16:42:11.332",
      "tags":"tutorial",
      "epic_id":0,
      "points_value":"2",
      "label_ids":"",
      "user":1,
      "related_iteration":5,
      "cell_to":1
    }
  },
  {
    "pk":2,
    "model":"kanban.cellmovement",
    "fields":{
      "story":2,
      "assignee_ids":"",
      "created":"2015-12-12T16:42:11.745",
      "tags":"tutorial",
      "epic_id":2,
      "points_value":"3",
      "label_ids":"",
      "user":1,
      "related_iteration":5,
      "cell_to":1
    }
  },
  {
    "pk":3,
    "model":"kanban.cellmovement",
    "fields":{
      "story":3,
      "assignee_ids":"",
      "created":"2015-12-12T16:42:12.140",
      "tags":"tutorial",
      "epic_id":2,
      "points_value":"5",
      "label_ids":"",
      "user":1,
      "related_iteration":5,
      "cell_to":1
    }
  },
  {
    "pk":4,
    "model":"kanban.cellmovement",
    "fields":{
      "story":4,
      "assignee_ids":"",
      "created":"2015-12-12T16:42:13.310",
      "tags":"tutorial",
      "epic_id":3,
      "points_value":"5",
      "label_ids":"",
      "user":1,
      "related_iteration":5,
      "cell_to":1
    }
  },
  {
    "pk":5,
    "model":"kanban.cellmovement",
    "fields":{
      "story":5,
      "assignee_ids":"",
      "created":"2015-12-12T16:42:13.750",
      "tags":"tutorial",
      "epic_id":2,
      "points_value":"0",
      "label_ids":"",
      "user":1,
      "related_iteration":5,
      "cell_to":1
    }
  },
  {
    "pk":6,
    "model":"kanban.cellmovement",
    "fields":{
      "story":6,
      "assignee_ids":"",
      "created":"2015-12-12T16:42:14.113",
      "tags":"tutorial",
      "epic_id":0,
      "points_value":"3",
      "label_ids":"",
      "user":1,
      "related_iteration":5,
      "cell_to":1
    }
  },
  {
    "pk":7,
    "model":"kanban.cellmovement",
    "fields":{
      "story":7,
      "assignee_ids":"",
      "created":"2015-12-12T16:42:14.454",
      "tags":"tutorial",
      "epic_id":0,
      "points_value":"2",
      "label_ids":"",
      "user":1,
      "related_iteration":5,
      "cell_to":1
    }
  },
  {
    "pk":8,
    "model":"kanban.cellmovement",
    "fields":{
      "story":7,
      "assignee_ids":"",
      "created":"2015-12-13T16:42:14.565",
      "tags":"tutorial",
      "epic_id":0,
      "points_value":"2",
      "label_ids":"",
      "user":1,
      "related_iteration":5,
      "cell_to":2
    }
  },
  {
    "pk":9,
    "model":"kanban.cellmovement",
    "fields":{
      "story":11,
      "assignee_ids":"",
      "created":"2015-12-12T16:42:15.487",
      "tags":"tutorial",
      "epic_id":0,
      "points_value":"5",
      "label_ids":"",
      "user":1,
      "related_iteration":5,
      "cell_to":1
    }
  },
  {
    "pk":10,
    "model":"kanban.cellmovement",
    "fields":{
      "story":11,
      "assignee_ids":"",
      "created":"2015-12-13T16:42:15.586",
      "tags":"tutorial",
      "epic_id":0,
      "points_value":"5",
      "label_ids":"",
      "user":1,
      "related_iteration":5,
      "cell_to":4
    }
  },
  {
    "pk":1,
    "model":"kanban.stepmovement",
    "fields":{
      "step_from":null,
      "step_to":1,
      "story":1,
      "created":"2015-12-12T16:42:11.332",
      "workflow":1,
      "user":1,
      "related_iteration":5
    }
  },
  {
    "pk":2,
    "model":"kanban.stepmovement",
    "fields":{
      "step_from":null,
      "step_to":1,
      "story":2,
      "created":"2015-12-12T16:42:11.745",
      "workflow":1,
      "user":1,
      "related_iteration":5
    }
  },
  {
    "pk":3,
    "model":"kanban.stepmovement",
    "fields":{
      "step_from":null,
      "step_to":1,
      "story":3,
      "created":"2015-12-12T16:42:12.140",
      "workflow":1,
      "user":1,
      "related_iteration":5
    }
  },
  {
    "pk":4,
    "model":"kanban.stepmovement",
    "fields":{
      "step_from":null,
      "step_to":1,
      "story":4,
      "created":"2015-12-12T16:42:13.310",
      "workflow":1,
      "user":1,
      "related_iteration":5
    }
  },
  {
    "pk":5,
    "model":"kanban.stepmovement",
    "fields":{
      "step_from":null,
      "step_to":1,
      "story":5,
      "created":"2015-12-12T16:42:13.750",
      "workflow":1,
      "user":1,
      "related_iteration":5
    }
  },
  {
    "pk":6,
    "model":"kanban.stepmovement",
    "fields":{
      "step_from":null,
      "step_to":1,
      "story":6,
      "created":"2015-12-12T16:42:14.113",
      "workflow":1,
      "user":1,
      "related_iteration":5
    }
  },
  {
    "pk":7,
    "model":"kanban.stepmovement",
    "fields":{
      "step_from":null,
      "step_to":1,
      "story":7,
      "created":"2015-12-12T16:42:14.454",
      "workflow":1,
      "user":1,
      "related_iteration":5
    }
  },
  {
    "pk":8,
    "model":"kanban.stepmovement",
    "fields":{
      "step_from":null,
      "step_to":1,
      "story":11,
      "created":"2015-12-12T16:42:15.487",
      "workflow":1,
      "user":1,
      "related_iteration":5
    }
  },
  {
    "pk":9,
    "model":"kanban.stepmovement",
    "fields":{
      "step_from":1,
      "step_to":2,
      "story":7,
      "created":"2015-12-13T16:42:14.565",
      "workflow":1,
      "user":1,
      "related_iteration":5
    }
  },
  {
    "pk":10,
    "model":"kanban.stepmovement",
    "fields":{
      "step_from":1,
      "step_to":4,
      "story":11,
      "created":"2015-12-13T16:42:15.586",
      "workflow":1,
      "user":1,
      "related_iteration":5
    }
  }
]
