[{"model":"auth.permission","pk":1,"fields":{"name":"Can add permission","content_type":1,"codename":"add_permission"}},{"model":"auth.permission","pk":2,"fields":{"name":"Can change permission","content_type":1,"codename":"change_permission"}},{"model":"auth.permission","pk":3,"fields":{"name":"Can delete permission","content_type":1,"codename":"delete_permission"}},{"model":"auth.permission","pk":4,"fields":{"name":"Can add group","content_type":2,"codename":"add_group"}},{"model":"auth.permission","pk":5,"fields":{"name":"Can change group","content_type":2,"codename":"change_group"}},{"model":"auth.permission","pk":6,"fields":{"name":"Can delete group","content_type":2,"codename":"delete_group"}},{"model":"auth.permission","pk":7,"fields":{"name":"Can add user","content_type":3,"codename":"add_user"}},{"model":"auth.permission","pk":8,"fields":{"name":"Can change user","content_type":3,"codename":"change_user"}},{"model":"auth.permission","pk":9,"fields":{"name":"Can delete user","content_type":3,"codename":"delete_user"}},{"model":"auth.permission","pk":10,"fields":{"name":"Can add content type","content_type":4,"codename":"add_contenttype"}},{"model":"auth.permission","pk":11,"fields":{"name":"Can change content type","content_type":4,"codename":"change_contenttype"}},{"model":"auth.permission","pk":12,"fields":{"name":"Can delete content type","content_type":4,"codename":"delete_contenttype"}},{"model":"auth.permission","pk":13,"fields":{"name":"Can add session","content_type":5,"codename":"add_session"}},{"model":"auth.permission","pk":14,"fields":{"name":"Can change session","content_type":5,"codename":"change_session"}},{"model":"auth.permission","pk":15,"fields":{"name":"Can delete session","content_type":5,"codename":"delete_session"}},{"model":"auth.permission","pk":16,"fields":{"name":"Can add site","content_type":6,"codename":"add_site"}},{"model":"auth.permission","pk":17,"fields":{"name":"Can change site","content_type":6,"codename":"change_site"}},{"model":"auth.permission","pk":18,"fields":{"name":"Can delete site","content_type":6,"codename":"delete_site"}},{"model":"auth.permission","pk":19,"fields":{"name":"Can add log entry","content_type":7,"codename":"add_logentry"}},{"model":"auth.permission","pk":20,"fields":{"name":"Can change log entry","content_type":7,"codename":"change_logentry"}},{"model":"auth.permission","pk":21,"fields":{"name":"Can delete log entry","content_type":7,"codename":"delete_logentry"}},{"model":"auth.permission","pk":22,"fields":{"name":"Can add nonce","content_type":8,"codename":"add_nonce"}},{"model":"auth.permission","pk":23,"fields":{"name":"Can change nonce","content_type":8,"codename":"change_nonce"}},{"model":"auth.permission","pk":24,"fields":{"name":"Can delete nonce","content_type":8,"codename":"delete_nonce"}},{"model":"auth.permission","pk":25,"fields":{"name":"Can add association","content_type":9,"codename":"add_association"}},{"model":"auth.permission","pk":26,"fields":{"name":"Can change association","content_type":9,"codename":"change_association"}},{"model":"auth.permission","pk":27,"fields":{"name":"Can delete association","content_type":9,"codename":"delete_association"}},{"model":"auth.permission","pk":28,"fields":{"name":"Can add user openid association","content_type":10,"codename":"add_useropenidassociation"}},{"model":"auth.permission","pk":29,"fields":{"name":"Can change user openid association","content_type":10,"codename":"change_useropenidassociation"}},{"model":"auth.permission","pk":30,"fields":{"name":"Can delete user openid association","content_type":10,"codename":"delete_useropenidassociation"}},{"model":"auth.permission","pk":31,"fields":{"name":"Can add e-mail address","content_type":11,"codename":"add_emailaddress"}},{"model":"auth.permission","pk":32,"fields":{"name":"Can change e-mail address","content_type":11,"codename":"change_emailaddress"}},{"model":"auth.permission","pk":33,"fields":{"name":"Can delete e-mail address","content_type":11,"codename":"delete_emailaddress"}},{"model":"auth.permission","pk":34,"fields":{"name":"Can add e-mail confirmation","content_type":12,"codename":"add_emailconfirmation"}},{"model":"auth.permission","pk":35,"fields":{"name":"Can change e-mail confirmation","content_type":12,"codename":"change_emailconfirmation"}},{"model":"auth.permission","pk":36,"fields":{"name":"Can delete e-mail confirmation","content_type":12,"codename":"delete_emailconfirmation"}},{"model":"auth.permission","pk":37,"fields":{"name":"Can add message","content_type":13,"codename":"add_message"}},{"model":"auth.permission","pk":38,"fields":{"name":"Can change message","content_type":13,"codename":"change_message"}},{"model":"auth.permission","pk":39,"fields":{"name":"Can delete message","content_type":13,"codename":"delete_message"}},{"model":"auth.permission","pk":40,"fields":{"name":"Can add don't send entry","content_type":14,"codename":"add_dontsendentry"}},{"model":"auth.permission","pk":41,"fields":{"name":"Can change don't send entry","content_type":14,"codename":"change_dontsendentry"}},{"model":"auth.permission","pk":42,"fields":{"name":"Can delete don't send entry","content_type":14,"codename":"delete_dontsendentry"}},{"model":"auth.permission","pk":43,"fields":{"name":"Can add message log","content_type":15,"codename":"add_messagelog"}},{"model":"auth.permission","pk":44,"fields":{"name":"Can change message log","content_type":15,"codename":"change_messagelog"}},{"model":"auth.permission","pk":45,"fields":{"name":"Can delete message log","content_type":15,"codename":"delete_messagelog"}},{"model":"auth.permission","pk":46,"fields":{"name":"Can add avatar","content_type":16,"codename":"add_avatar"}},{"model":"auth.permission","pk":47,"fields":{"name":"Can change avatar","content_type":16,"codename":"change_avatar"}},{"model":"auth.permission","pk":48,"fields":{"name":"Can delete avatar","content_type":16,"codename":"delete_avatar"}},{"model":"auth.permission","pk":49,"fields":{"name":"Can add board attributes","content_type":17,"codename":"add_boardattributes"}},{"model":"auth.permission","pk":50,"fields":{"name":"Can change board attributes","content_type":17,"codename":"change_boardattributes"}},{"model":"auth.permission","pk":51,"fields":{"name":"Can delete board attributes","content_type":17,"codename":"delete_boardattributes"}},{"model":"auth.permission","pk":52,"fields":{"name":"Can add story tag","content_type":18,"codename":"add_storytag"}},{"model":"auth.permission","pk":53,"fields":{"name":"Can change story tag","content_type":18,"codename":"change_storytag"}},{"model":"auth.permission","pk":54,"fields":{"name":"Can delete story tag","content_type":18,"codename":"delete_storytag"}},{"model":"auth.permission","pk":55,"fields":{"name":"Can add story tagging","content_type":19,"codename":"add_storytagging"}},{"model":"auth.permission","pk":56,"fields":{"name":"Can change story tagging","content_type":19,"codename":"change_storytagging"}},{"model":"auth.permission","pk":57,"fields":{"name":"Can delete story tagging","content_type":19,"codename":"delete_storytagging"}},{"model":"auth.permission","pk":58,"fields":{"name":"Can add extra user info","content_type":20,"codename":"add_extrauserinfo"}},{"model":"auth.permission","pk":59,"fields":{"name":"Can change extra user info","content_type":20,"codename":"change_extrauserinfo"}},{"model":"auth.permission","pk":60,"fields":{"name":"Can delete extra user info","content_type":20,"codename":"delete_extrauserinfo"}},{"model":"auth.permission","pk":61,"fields":{"name":"Can add task","content_type":21,"codename":"add_task"}},{"model":"auth.permission","pk":62,"fields":{"name":"Can change task","content_type":21,"codename":"change_task"}},{"model":"auth.permission","pk":63,"fields":{"name":"Can delete task","content_type":21,"codename":"delete_task"}},{"model":"auth.permission","pk":64,"fields":{"name":"Can add story","content_type":22,"codename":"add_story"}},{"model":"auth.permission","pk":65,"fields":{"name":"Can change story","content_type":22,"codename":"change_story"}},{"model":"auth.permission","pk":66,"fields":{"name":"Can delete story","content_type":22,"codename":"delete_story"}},{"model":"auth.permission","pk":67,"fields":{"name":"Can add commit","content_type":23,"codename":"add_commit"}},{"model":"auth.permission","pk":68,"fields":{"name":"Can change commit","content_type":23,"codename":"change_commit"}},{"model":"auth.permission","pk":69,"fields":{"name":"Can delete commit","content_type":23,"codename":"delete_commit"}},{"model":"auth.permission","pk":70,"fields":{"name":"Can add epic","content_type":24,"codename":"add_epic"}},{"model":"auth.permission","pk":71,"fields":{"name":"Can change epic","content_type":24,"codename":"change_epic"}},{"model":"auth.permission","pk":72,"fields":{"name":"Can delete epic","content_type":24,"codename":"delete_epic"}},{"model":"auth.permission","pk":73,"fields":{"name":"Can add file job","content_type":25,"codename":"add_filejob"}},{"model":"auth.permission","pk":74,"fields":{"name":"Can change file job","content_type":25,"codename":"change_filejob"}},{"model":"auth.permission","pk":75,"fields":{"name":"Can delete file job","content_type":25,"codename":"delete_filejob"}},{"model":"auth.permission","pk":76,"fields":{"name":"Can add offline job","content_type":26,"codename":"add_offlinejob"}},{"model":"auth.permission","pk":77,"fields":{"name":"Can change offline job","content_type":26,"codename":"change_offlinejob"}},{"model":"auth.permission","pk":78,"fields":{"name":"Can delete offline job","content_type":26,"codename":"delete_offlinejob"}},{"model":"auth.permission","pk":79,"fields":{"name":"Can add points log","content_type":27,"codename":"add_pointslog"}},{"model":"auth.permission","pk":80,"fields":{"name":"Can change points log","content_type":27,"codename":"change_pointslog"}},{"model":"auth.permission","pk":81,"fields":{"name":"Can delete points log","content_type":27,"codename":"delete_pointslog"}},{"model":"auth.permission","pk":82,"fields":{"name":"Can add iteration","content_type":28,"codename":"add_iteration"}},{"model":"auth.permission","pk":83,"fields":{"name":"Can change iteration","content_type":28,"codename":"change_iteration"}},{"model":"auth.permission","pk":84,"fields":{"name":"Can delete iteration","content_type":28,"codename":"delete_iteration"}},{"model":"auth.permission","pk":85,"fields":{"name":"Can add project","content_type":29,"codename":"add_project"}},{"model":"auth.permission","pk":86,"fields":{"name":"Can change project","content_type":29,"codename":"change_project"}},{"model":"auth.permission","pk":87,"fields":{"name":"Can delete project","content_type":29,"codename":"delete_project"}},{"model":"auth.permission","pk":88,"fields":{"name":"Can add release","content_type":30,"codename":"add_release"}},{"model":"auth.permission","pk":89,"fields":{"name":"Can change release","content_type":30,"codename":"change_release"}},{"model":"auth.permission","pk":90,"fields":{"name":"Can delete release","content_type":30,"codename":"delete_release"}},{"model":"auth.permission","pk":91,"fields":{"name":"Can add release log","content_type":31,"codename":"add_releaselog"}},{"model":"auth.permission","pk":92,"fields":{"name":"Can change release log","content_type":31,"codename":"change_releaselog"}},{"model":"auth.permission","pk":93,"fields":{"name":"Can delete release log","content_type":31,"codename":"delete_releaselog"}},{"model":"auth.permission","pk":94,"fields":{"name":"Can add saved query","content_type":32,"codename":"add_savedquery"}},{"model":"auth.permission","pk":95,"fields":{"name":"Can change saved query","content_type":32,"codename":"change_savedquery"}},{"model":"auth.permission","pk":96,"fields":{"name":"Can delete saved query","content_type":32,"codename":"delete_savedquery"}},{"model":"auth.permission","pk":97,"fields":{"name":"Can add site stats","content_type":33,"codename":"add_sitestats"}},{"model":"auth.permission","pk":98,"fields":{"name":"Can change site stats","content_type":33,"codename":"change_sitestats"}},{"model":"auth.permission","pk":99,"fields":{"name":"Can delete site stats","content_type":33,"codename":"delete_sitestats"}},{"model":"auth.permission","pk":100,"fields":{"name":"Can add story attributes","content_type":34,"codename":"add_storyattributes"}},{"model":"auth.permission","pk":101,"fields":{"name":"Can change story attributes","content_type":34,"codename":"change_storyattributes"}},{"model":"auth.permission","pk":102,"fields":{"name":"Can delete story attributes","content_type":34,"codename":"delete_storyattributes"}},{"model":"auth.permission","pk":103,"fields":{"name":"Can add task tagging","content_type":35,"codename":"add_tasktagging"}},{"model":"auth.permission","pk":104,"fields":{"name":"Can change task tagging","content_type":35,"codename":"change_tasktagging"}},{"model":"auth.permission","pk":105,"fields":{"name":"Can delete task tagging","content_type":35,"codename":"delete_tasktagging"}},{"model":"auth.permission","pk":106,"fields":{"name":"Can add time allocation","content_type":36,"codename":"add_timeallocation"}},{"model":"auth.permission","pk":107,"fields":{"name":"Can change time allocation","content_type":36,"codename":"change_timeallocation"}},{"model":"auth.permission","pk":108,"fields":{"name":"Can delete time allocation","content_type":36,"codename":"delete_timeallocation"}},{"model":"auth.permission","pk":109,"fields":{"name":"Can add time entry","content_type":37,"codename":"add_timeentry"}},{"model":"auth.permission","pk":110,"fields":{"name":"Can change time entry","content_type":37,"codename":"change_timeentry"}},{"model":"auth.permission","pk":111,"fields":{"name":"Can delete time entry","content_type":37,"codename":"delete_timeentry"}},{"model":"auth.permission","pk":112,"fields":{"name":"Can add portfolio story mapping","content_type":38,"codename":"add_portfoliostorymapping"}},{"model":"auth.permission","pk":113,"fields":{"name":"Can change portfolio story mapping","content_type":38,"codename":"change_portfoliostorymapping"}},{"model":"auth.permission","pk":114,"fields":{"name":"Can delete portfolio story mapping","content_type":38,"codename":"delete_portfoliostorymapping"}},{"model":"auth.permission","pk":115,"fields":{"name":"Can add label","content_type":39,"codename":"add_label"}},{"model":"auth.permission","pk":116,"fields":{"name":"Can change label","content_type":39,"codename":"change_label"}},{"model":"auth.permission","pk":117,"fields":{"name":"Can delete label","content_type":39,"codename":"delete_label"}},{"model":"auth.permission","pk":118,"fields":{"name":"Can add project share","content_type":40,"codename":"add_projectshare"}},{"model":"auth.permission","pk":119,"fields":{"name":"Can change project share","content_type":40,"codename":"change_projectshare"}},{"model":"auth.permission","pk":120,"fields":{"name":"Can delete project share","content_type":40,"codename":"delete_projectshare"}},{"model":"auth.permission","pk":121,"fields":{"name":"Can add story comment","content_type":41,"codename":"add_storycomment"}},{"model":"auth.permission","pk":122,"fields":{"name":"Can change story comment","content_type":41,"codename":"change_storycomment"}},{"model":"auth.permission","pk":123,"fields":{"name":"Can delete story comment","content_type":41,"codename":"delete_storycomment"}},{"model":"auth.permission","pk":124,"fields":{"name":"Can add release stat","content_type":42,"codename":"add_releasestat"}},{"model":"auth.permission","pk":125,"fields":{"name":"Can change release stat","content_type":42,"codename":"change_releasestat"}},{"model":"auth.permission","pk":126,"fields":{"name":"Can delete release stat","content_type":42,"codename":"delete_releasestat"}},{"model":"auth.permission","pk":127,"fields":{"name":"Can add milestone assignment","content_type":43,"codename":"add_milestoneassignment"}},{"model":"auth.permission","pk":128,"fields":{"name":"Can change milestone assignment","content_type":43,"codename":"change_milestoneassignment"}},{"model":"auth.permission","pk":129,"fields":{"name":"Can delete milestone assignment","content_type":43,"codename":"delete_milestoneassignment"}},{"model":"auth.permission","pk":130,"fields":{"name":"Can add pull request","content_type":44,"codename":"add_pullrequest"}},{"model":"auth.permission","pk":131,"fields":{"name":"Can change pull request","content_type":44,"codename":"change_pullrequest"}},{"model":"auth.permission","pk":132,"fields":{"name":"Can delete pull request","content_type":44,"codename":"delete_pullrequest"}},{"model":"auth.permission","pk":133,"fields":{"name":"Can add attachment","content_type":45,"codename":"add_attachment"}},{"model":"auth.permission","pk":134,"fields":{"name":"Can change attachment","content_type":45,"codename":"change_attachment"}},{"model":"auth.permission","pk":135,"fields":{"name":"Can delete attachment","content_type":45,"codename":"delete_attachment"}},{"model":"auth.permission","pk":136,"fields":{"name":"Can delete foreign attachments","content_type":45,"codename":"delete_foreign_attachments"}},{"model":"auth.permission","pk":137,"fields":{"name":"Can add tmpattachment","content_type":46,"codename":"add_tmpattachment"}},{"model":"auth.permission","pk":138,"fields":{"name":"Can change tmpattachment","content_type":46,"codename":"change_tmpattachment"}},{"model":"auth.permission","pk":139,"fields":{"name":"Can delete tmpattachment","content_type":46,"codename":"delete_tmpattachment"}},{"model":"auth.permission","pk":140,"fields":{"name":"Can delete foreign attachments","content_type":46,"codename":"delete_foreign_attachments"}},{"model":"auth.permission","pk":141,"fields":{"name":"Can add account","content_type":47,"codename":"add_account"}},{"model":"auth.permission","pk":142,"fields":{"name":"Can change account","content_type":47,"codename":"change_account"}},{"model":"auth.permission","pk":143,"fields":{"name":"Can delete account","content_type":47,"codename":"delete_account"}},{"model":"auth.permission","pk":144,"fields":{"name":"Can add other service info","content_type":48,"codename":"add_otherserviceinfo"}},{"model":"auth.permission","pk":145,"fields":{"name":"Can change other service info","content_type":48,"codename":"change_otherserviceinfo"}},{"model":"auth.permission","pk":146,"fields":{"name":"Can delete other service info","content_type":48,"codename":"delete_otherserviceinfo"}},{"model":"auth.permission","pk":147,"fields":{"name":"Can add password reset","content_type":49,"codename":"add_passwordreset"}},{"model":"auth.permission","pk":148,"fields":{"name":"Can change password reset","content_type":49,"codename":"change_passwordreset"}},{"model":"auth.permission","pk":149,"fields":{"name":"Can delete password reset","content_type":49,"codename":"delete_passwordreset"}},{"model":"auth.permission","pk":150,"fields":{"name":"Can add team","content_type":50,"codename":"add_team"}},{"model":"auth.permission","pk":151,"fields":{"name":"Can change team","content_type":50,"codename":"change_team"}},{"model":"auth.permission","pk":152,"fields":{"name":"Can delete team","content_type":50,"codename":"delete_team"}},{"model":"auth.permission","pk":153,"fields":{"name":"Can add team invite","content_type":51,"codename":"add_teaminvite"}},{"model":"auth.permission","pk":154,"fields":{"name":"Can change team invite","content_type":51,"codename":"change_teaminvite"}},{"model":"auth.permission","pk":155,"fields":{"name":"Can delete team invite","content_type":51,"codename":"delete_teaminvite"}},{"model":"auth.permission","pk":156,"fields":{"name":"Can add organization","content_type":52,"codename":"add_organization"}},{"model":"auth.permission","pk":157,"fields":{"name":"Can change organization","content_type":52,"codename":"change_organization"}},{"model":"auth.permission","pk":158,"fields":{"name":"Can delete organization","content_type":52,"codename":"delete_organization"}},{"model":"auth.permission","pk":159,"fields":{"name":"Can add organization velocity log","content_type":53,"codename":"add_organizationvelocitylog"}},{"model":"auth.permission","pk":160,"fields":{"name":"Can change organization velocity log","content_type":53,"codename":"change_organizationvelocitylog"}},{"model":"auth.permission","pk":161,"fields":{"name":"Can delete organization velocity log","content_type":53,"codename":"delete_organizationvelocitylog"}},{"model":"auth.permission","pk":162,"fields":{"name":"Can add project email subscription","content_type":54,"codename":"add_projectemailsubscription"}},{"model":"auth.permission","pk":163,"fields":{"name":"Can change project email subscription","content_type":54,"codename":"change_projectemailsubscription"}},{"model":"auth.permission","pk":164,"fields":{"name":"Can delete project email subscription","content_type":54,"codename":"delete_projectemailsubscription"}},{"model":"auth.permission","pk":165,"fields":{"name":"Can add news item","content_type":55,"codename":"add_newsitem"}},{"model":"auth.permission","pk":166,"fields":{"name":"Can change news item","content_type":55,"codename":"change_newsitem"}},{"model":"auth.permission","pk":167,"fields":{"name":"Can delete news item","content_type":55,"codename":"delete_newsitem"}},{"model":"auth.permission","pk":168,"fields":{"name":"Can add project extra mapping","content_type":56,"codename":"add_projectextramapping"}},{"model":"auth.permission","pk":169,"fields":{"name":"Can change project extra mapping","content_type":56,"codename":"change_projectextramapping"}},{"model":"auth.permission","pk":170,"fields":{"name":"Can delete project extra mapping","content_type":56,"codename":"delete_projectextramapping"}},{"model":"auth.permission","pk":171,"fields":{"name":"Can add story queue","content_type":57,"codename":"add_storyqueue"}},{"model":"auth.permission","pk":172,"fields":{"name":"Can change story queue","content_type":57,"codename":"change_storyqueue"}},{"model":"auth.permission","pk":173,"fields":{"name":"Can delete story queue","content_type":57,"codename":"delete_storyqueue"}},{"model":"auth.permission","pk":174,"fields":{"name":"Can add syncronization queue","content_type":58,"codename":"add_syncronizationqueue"}},{"model":"auth.permission","pk":175,"fields":{"name":"Can change syncronization queue","content_type":58,"codename":"change_syncronizationqueue"}},{"model":"auth.permission","pk":176,"fields":{"name":"Can delete syncronization queue","content_type":58,"codename":"delete_syncronizationqueue"}},{"model":"auth.permission","pk":177,"fields":{"name":"Can add external story mapping","content_type":59,"codename":"add_externalstorymapping"}},{"model":"auth.permission","pk":178,"fields":{"name":"Can change external story mapping","content_type":59,"codename":"change_externalstorymapping"}},{"model":"auth.permission","pk":179,"fields":{"name":"Can delete external story mapping","content_type":59,"codename":"delete_externalstorymapping"}},{"model":"auth.permission","pk":180,"fields":{"name":"Can add external task mapping","content_type":60,"codename":"add_externaltaskmapping"}},{"model":"auth.permission","pk":181,"fields":{"name":"Can change external task mapping","content_type":60,"codename":"change_externaltaskmapping"}},{"model":"auth.permission","pk":182,"fields":{"name":"Can delete external task mapping","content_type":60,"codename":"delete_externaltaskmapping"}},{"model":"auth.permission","pk":183,"fields":{"name":"Can add favorite","content_type":61,"codename":"add_favorite"}},{"model":"auth.permission","pk":184,"fields":{"name":"Can change favorite","content_type":61,"codename":"change_favorite"}},{"model":"auth.permission","pk":185,"fields":{"name":"Can delete favorite","content_type":61,"codename":"delete_favorite"}},{"model":"auth.permission","pk":186,"fields":{"name":"Can add nonce","content_type":62,"codename":"add_nonce"}},{"model":"auth.permission","pk":187,"fields":{"name":"Can change nonce","content_type":62,"codename":"change_nonce"}},{"model":"auth.permission","pk":188,"fields":{"name":"Can delete nonce","content_type":62,"codename":"delete_nonce"}},{"model":"auth.permission","pk":189,"fields":{"name":"Can add consumer","content_type":63,"codename":"add_consumer"}},{"model":"auth.permission","pk":190,"fields":{"name":"Can change consumer","content_type":63,"codename":"change_consumer"}},{"model":"auth.permission","pk":191,"fields":{"name":"Can delete consumer","content_type":63,"codename":"delete_consumer"}},{"model":"auth.permission","pk":192,"fields":{"name":"Can add token","content_type":64,"codename":"add_token"}},{"model":"auth.permission","pk":193,"fields":{"name":"Can change token","content_type":64,"codename":"change_token"}},{"model":"auth.permission","pk":194,"fields":{"name":"Can delete token","content_type":64,"codename":"delete_token"}},{"model":"auth.permission","pk":195,"fields":{"name":"Can add github user","content_type":65,"codename":"add_githubuser"}},{"model":"auth.permission","pk":196,"fields":{"name":"Can change github user","content_type":65,"codename":"change_githubuser"}},{"model":"auth.permission","pk":197,"fields":{"name":"Can delete github user","content_type":65,"codename":"delete_githubuser"}},{"model":"auth.permission","pk":198,"fields":{"name":"Can add github organization","content_type":66,"codename":"add_githuborganization"}},{"model":"auth.permission","pk":199,"fields":{"name":"Can change github organization","content_type":66,"codename":"change_githuborganization"}},{"model":"auth.permission","pk":200,"fields":{"name":"Can delete github organization","content_type":66,"codename":"delete_githuborganization"}},{"model":"auth.permission","pk":201,"fields":{"name":"Can add github team","content_type":67,"codename":"add_githubteam"}},{"model":"auth.permission","pk":202,"fields":{"name":"Can change github team","content_type":67,"codename":"change_githubteam"}},{"model":"auth.permission","pk":203,"fields":{"name":"Can delete github team","content_type":67,"codename":"delete_githubteam"}},{"model":"auth.permission","pk":204,"fields":{"name":"Can add github credentials","content_type":68,"codename":"add_githubcredentials"}},{"model":"auth.permission","pk":205,"fields":{"name":"Can change github credentials","content_type":68,"codename":"change_githubcredentials"}},{"model":"auth.permission","pk":206,"fields":{"name":"Can delete github credentials","content_type":68,"codename":"delete_githubcredentials"}},{"model":"auth.permission","pk":207,"fields":{"name":"Can add github binding","content_type":69,"codename":"add_githubbinding"}},{"model":"auth.permission","pk":208,"fields":{"name":"Can change github binding","content_type":69,"codename":"change_githubbinding"}},{"model":"auth.permission","pk":209,"fields":{"name":"Can delete github binding","content_type":69,"codename":"delete_githubbinding"}},{"model":"auth.permission","pk":210,"fields":{"name":"Can add github log","content_type":70,"codename":"add_githublog"}},{"model":"auth.permission","pk":211,"fields":{"name":"Can change github log","content_type":70,"codename":"change_githublog"}},{"model":"auth.permission","pk":212,"fields":{"name":"Can delete github log","content_type":70,"codename":"delete_githublog"}},{"model":"auth.permission","pk":213,"fields":{"name":"Can add chat message","content_type":71,"codename":"add_chatmessage"}},{"model":"auth.permission","pk":214,"fields":{"name":"Can change chat message","content_type":71,"codename":"change_chatmessage"}},{"model":"auth.permission","pk":215,"fields":{"name":"Can delete chat message","content_type":71,"codename":"delete_chatmessage"}},{"model":"auth.permission","pk":216,"fields":{"name":"Can add single use code","content_type":72,"codename":"add_singleusecode"}},{"model":"auth.permission","pk":217,"fields":{"name":"Can change single use code","content_type":72,"codename":"change_singleusecode"}},{"model":"auth.permission","pk":218,"fields":{"name":"Can delete single use code","content_type":72,"codename":"delete_singleusecode"}},{"model":"auth.permission","pk":219,"fields":{"name":"Can add sub code","content_type":73,"codename":"add_subcode"}},{"model":"auth.permission","pk":220,"fields":{"name":"Can change sub code","content_type":73,"codename":"change_subcode"}},{"model":"auth.permission","pk":221,"fields":{"name":"Can delete sub code","content_type":73,"codename":"delete_subcode"}},{"model":"auth.permission","pk":222,"fields":{"name":"Can add sub code usage","content_type":74,"codename":"add_subcodeusage"}},{"model":"auth.permission","pk":223,"fields":{"name":"Can change sub code usage","content_type":74,"codename":"change_subcodeusage"}},{"model":"auth.permission","pk":224,"fields":{"name":"Can delete sub code usage","content_type":74,"codename":"delete_subcodeusage"}},{"model":"auth.permission","pk":225,"fields":{"name":"Can add cancelation","content_type":75,"codename":"add_cancelation"}},{"model":"auth.permission","pk":226,"fields":{"name":"Can change cancelation","content_type":75,"codename":"change_cancelation"}},{"model":"auth.permission","pk":227,"fields":{"name":"Can delete cancelation","content_type":75,"codename":"delete_cancelation"}},{"model":"auth.permission","pk":228,"fields":{"name":"Can add spreedly info","content_type":76,"codename":"add_spreedlyinfo"}},{"model":"auth.permission","pk":229,"fields":{"name":"Can change spreedly info","content_type":76,"codename":"change_spreedlyinfo"}},{"model":"auth.permission","pk":230,"fields":{"name":"Can delete spreedly info","content_type":76,"codename":"delete_spreedlyinfo"}},{"model":"auth.permission","pk":231,"fields":{"name":"Can add subscription feature override","content_type":77,"codename":"add_subscriptionfeatureoverride"}},{"model":"auth.permission","pk":232,"fields":{"name":"Can change subscription feature override","content_type":77,"codename":"change_subscriptionfeatureoverride"}},{"model":"auth.permission","pk":233,"fields":{"name":"Can delete subscription feature override","content_type":77,"codename":"delete_subscriptionfeatureoverride"}},{"model":"auth.permission","pk":234,"fields":{"name":"Can add subscription plan","content_type":78,"codename":"add_subscriptionplan"}},{"model":"auth.permission","pk":235,"fields":{"name":"Can change subscription plan","content_type":78,"codename":"change_subscriptionplan"}},{"model":"auth.permission","pk":236,"fields":{"name":"Can delete subscription plan","content_type":78,"codename":"delete_subscriptionplan"}},{"model":"auth.permission","pk":237,"fields":{"name":"Can add subscription stats","content_type":79,"codename":"add_subscriptionstats"}},{"model":"auth.permission","pk":238,"fields":{"name":"Can change subscription stats","content_type":79,"codename":"change_subscriptionstats"}},{"model":"auth.permission","pk":239,"fields":{"name":"Can delete subscription stats","content_type":79,"codename":"delete_subscriptionstats"}},{"model":"auth.permission","pk":240,"fields":{"name":"Can add subscription","content_type":80,"codename":"add_subscription"}},{"model":"auth.permission","pk":241,"fields":{"name":"Can change subscription","content_type":80,"codename":"change_subscription"}},{"model":"auth.permission","pk":242,"fields":{"name":"Can delete subscription","content_type":80,"codename":"delete_subscription"}},{"model":"auth.permission","pk":243,"fields":{"name":"Can add attachment extra","content_type":81,"codename":"add_attachmentextra"}},{"model":"auth.permission","pk":244,"fields":{"name":"Can change attachment extra","content_type":81,"codename":"change_attachmentextra"}},{"model":"auth.permission","pk":245,"fields":{"name":"Can delete attachment extra","content_type":81,"codename":"delete_attachmentextra"}},{"model":"auth.permission","pk":246,"fields":{"name":"Can add email notification queue","content_type":82,"codename":"add_emailnotificationqueue"}},{"model":"auth.permission","pk":247,"fields":{"name":"Can change email notification queue","content_type":82,"codename":"change_emailnotificationqueue"}},{"model":"auth.permission","pk":248,"fields":{"name":"Can delete email notification queue","content_type":82,"codename":"delete_emailnotificationqueue"}},{"model":"auth.permission","pk":249,"fields":{"name":"Can add story mentions","content_type":83,"codename":"add_storymentions"}},{"model":"auth.permission","pk":250,"fields":{"name":"Can change story mentions","content_type":83,"codename":"change_storymentions"}},{"model":"auth.permission","pk":251,"fields":{"name":"Can delete story mentions","content_type":83,"codename":"delete_storymentions"}},{"model":"auth.permission","pk":252,"fields":{"name":"Can add chat mentions","content_type":84,"codename":"add_chatmentions"}},{"model":"auth.permission","pk":253,"fields":{"name":"Can change chat mentions","content_type":84,"codename":"change_chatmentions"}},{"model":"auth.permission","pk":254,"fields":{"name":"Can delete chat mentions","content_type":84,"codename":"delete_chatmentions"}},{"model":"auth.permission","pk":255,"fields":{"name":"Can add email options","content_type":85,"codename":"add_emailoptions"}},{"model":"auth.permission","pk":256,"fields":{"name":"Can change email options","content_type":85,"codename":"change_emailoptions"}},{"model":"auth.permission","pk":257,"fields":{"name":"Can delete email options","content_type":85,"codename":"delete_emailoptions"}},{"model":"auth.permission","pk":258,"fields":{"name":"Can add policy","content_type":86,"codename":"add_policy"}},{"model":"auth.permission","pk":259,"fields":{"name":"Can change policy","content_type":86,"codename":"change_policy"}},{"model":"auth.permission","pk":260,"fields":{"name":"Can delete policy","content_type":86,"codename":"delete_policy"}},{"model":"auth.permission","pk":261,"fields":{"name":"Can add workflow","content_type":87,"codename":"add_workflow"}},{"model":"auth.permission","pk":262,"fields":{"name":"Can change workflow","content_type":87,"codename":"change_workflow"}},{"model":"auth.permission","pk":263,"fields":{"name":"Can delete workflow","content_type":87,"codename":"delete_workflow"}},{"model":"auth.permission","pk":264,"fields":{"name":"Can add workflow step","content_type":88,"codename":"add_workflowstep"}},{"model":"auth.permission","pk":265,"fields":{"name":"Can change workflow step","content_type":88,"codename":"change_workflowstep"}},{"model":"auth.permission","pk":266,"fields":{"name":"Can delete workflow step","content_type":88,"codename":"delete_workflowstep"}},{"model":"auth.permission","pk":267,"fields":{"name":"Can add board image","content_type":89,"codename":"add_boardimage"}},{"model":"auth.permission","pk":268,"fields":{"name":"Can change board image","content_type":89,"codename":"change_boardimage"}},{"model":"auth.permission","pk":269,"fields":{"name":"Can delete board image","content_type":89,"codename":"delete_boardimage"}},{"model":"auth.permission","pk":270,"fields":{"name":"Can add board graphic","content_type":90,"codename":"add_boardgraphic"}},{"model":"auth.permission","pk":271,"fields":{"name":"Can change board graphic","content_type":90,"codename":"change_boardgraphic"}},{"model":"auth.permission","pk":272,"fields":{"name":"Can delete board graphic","content_type":90,"codename":"delete_boardgraphic"}},{"model":"auth.permission","pk":273,"fields":{"name":"Can add board cell","content_type":91,"codename":"add_boardcell"}},{"model":"auth.permission","pk":274,"fields":{"name":"Can change board cell","content_type":91,"codename":"change_boardcell"}},{"model":"auth.permission","pk":275,"fields":{"name":"Can delete board cell","content_type":91,"codename":"delete_boardcell"}},{"model":"auth.permission","pk":276,"fields":{"name":"Can add cell movement log","content_type":92,"codename":"add_cellmovementlog"}},{"model":"auth.permission","pk":277,"fields":{"name":"Can change cell movement log","content_type":92,"codename":"change_cellmovementlog"}},{"model":"auth.permission","pk":278,"fields":{"name":"Can delete cell movement log","content_type":92,"codename":"delete_cellmovementlog"}},{"model":"auth.permission","pk":279,"fields":{"name":"Can add tag movement log","content_type":93,"codename":"add_tagmovementlog"}},{"model":"auth.permission","pk":280,"fields":{"name":"Can change tag movement log","content_type":93,"codename":"change_tagmovementlog"}},{"model":"auth.permission","pk":281,"fields":{"name":"Can delete tag movement log","content_type":93,"codename":"delete_tagmovementlog"}},{"model":"auth.permission","pk":282,"fields":{"name":"Can add tag movement","content_type":94,"codename":"add_tagmovement"}},{"model":"auth.permission","pk":283,"fields":{"name":"Can change tag movement","content_type":94,"codename":"change_tagmovement"}},{"model":"auth.permission","pk":284,"fields":{"name":"Can delete tag movement","content_type":94,"codename":"delete_tagmovement"}},{"model":"auth.permission","pk":285,"fields":{"name":"Can add cell movement","content_type":95,"codename":"add_cellmovement"}},{"model":"auth.permission","pk":286,"fields":{"name":"Can change cell movement","content_type":95,"codename":"change_cellmovement"}},{"model":"auth.permission","pk":287,"fields":{"name":"Can delete cell movement","content_type":95,"codename":"delete_cellmovement"}},{"model":"auth.permission","pk":288,"fields":{"name":"Can add step movement","content_type":96,"codename":"add_stepmovement"}},{"model":"auth.permission","pk":289,"fields":{"name":"Can change step movement","content_type":96,"codename":"change_stepmovement"}},{"model":"auth.permission","pk":290,"fields":{"name":"Can delete step movement","content_type":96,"codename":"delete_stepmovement"}},{"model":"auth.permission","pk":291,"fields":{"name":"Can add backlog history snapshot","content_type":97,"codename":"add_backloghistorysnapshot"}},{"model":"auth.permission","pk":292,"fields":{"name":"Can change backlog history snapshot","content_type":97,"codename":"change_backloghistorysnapshot"}},{"model":"auth.permission","pk":293,"fields":{"name":"Can delete backlog history snapshot","content_type":97,"codename":"delete_backloghistorysnapshot"}},{"model":"auth.permission","pk":294,"fields":{"name":"Can add backlog history stories","content_type":98,"codename":"add_backloghistorystories"}},{"model":"auth.permission","pk":295,"fields":{"name":"Can change backlog history stories","content_type":98,"codename":"change_backloghistorystories"}},{"model":"auth.permission","pk":296,"fields":{"name":"Can delete backlog history stories","content_type":98,"codename":"delete_backloghistorystories"}},{"model":"auth.permission","pk":297,"fields":{"name":"Can add policy age","content_type":99,"codename":"add_policyage"}},{"model":"auth.permission","pk":298,"fields":{"name":"Can change policy age","content_type":99,"codename":"change_policyage"}},{"model":"auth.permission","pk":299,"fields":{"name":"Can delete policy age","content_type":99,"codename":"delete_policyage"}},{"model":"auth.permission","pk":300,"fields":{"name":"Can add step stat","content_type":100,"codename":"add_stepstat"}},{"model":"auth.permission","pk":301,"fields":{"name":"Can change step stat","content_type":100,"codename":"change_stepstat"}},{"model":"auth.permission","pk":302,"fields":{"name":"Can delete step stat","content_type":100,"codename":"delete_stepstat"}},{"model":"auth.permission","pk":303,"fields":{"name":"Can add policy notification","content_type":101,"codename":"add_policynotification"}},{"model":"auth.permission","pk":304,"fields":{"name":"Can change policy notification","content_type":101,"codename":"change_policynotification"}},{"model":"auth.permission","pk":305,"fields":{"name":"Can delete policy notification","content_type":101,"codename":"delete_policynotification"}},{"model":"auth.permission","pk":306,"fields":{"name":"Can add rebuild movement job","content_type":102,"codename":"add_rebuildmovementjob"}},{"model":"auth.permission","pk":307,"fields":{"name":"Can change rebuild movement job","content_type":102,"codename":"change_rebuildmovementjob"}},{"model":"auth.permission","pk":308,"fields":{"name":"Can delete rebuild movement job","content_type":102,"codename":"delete_rebuildmovementjob"}},{"model":"auth.permission","pk":309,"fields":{"name":"Can add kanbanize job","content_type":103,"codename":"add_kanbanizejob"}},{"model":"auth.permission","pk":310,"fields":{"name":"Can change kanbanize job","content_type":103,"codename":"change_kanbanizejob"}},{"model":"auth.permission","pk":311,"fields":{"name":"Can delete kanbanize job","content_type":103,"codename":"delete_kanbanizejob"}},{"model":"auth.permission","pk":312,"fields":{"name":"Can add board header","content_type":104,"codename":"add_boardheader"}},{"model":"auth.permission","pk":313,"fields":{"name":"Can change board header","content_type":104,"codename":"change_boardheader"}},{"model":"auth.permission","pk":314,"fields":{"name":"Can delete board header","content_type":104,"codename":"delete_boardheader"}},{"model":"auth.permission","pk":315,"fields":{"name":"Can add kanban stat","content_type":105,"codename":"add_kanbanstat"}},{"model":"auth.permission","pk":316,"fields":{"name":"Can change kanban stat","content_type":105,"codename":"change_kanbanstat"}},{"model":"auth.permission","pk":317,"fields":{"name":"Can delete kanban stat","content_type":105,"codename":"delete_kanbanstat"}},{"model":"auth.permission","pk":318,"fields":{"name":"Can add saved report","content_type":106,"codename":"add_savedreport"}},{"model":"auth.permission","pk":319,"fields":{"name":"Can change saved report","content_type":106,"codename":"change_savedreport"}},{"model":"auth.permission","pk":320,"fields":{"name":"Can delete saved report","content_type":106,"codename":"delete_savedreport"}},{"model":"auth.permission","pk":321,"fields":{"name":"Can add Form","content_type":107,"codename":"add_formdefinition"}},{"model":"auth.permission","pk":322,"fields":{"name":"Can change Form","content_type":107,"codename":"change_formdefinition"}},{"model":"auth.permission","pk":323,"fields":{"name":"Can delete Form","content_type":107,"codename":"delete_formdefinition"}},{"model":"auth.permission","pk":324,"fields":{"name":"Can add field","content_type":108,"codename":"add_formdefinitionfield"}},{"model":"auth.permission","pk":325,"fields":{"name":"Can change field","content_type":108,"codename":"change_formdefinitionfield"}},{"model":"auth.permission","pk":326,"fields":{"name":"Can delete field","content_type":108,"codename":"delete_formdefinitionfield"}},{"model":"auth.permission","pk":327,"fields":{"name":"Can add form log","content_type":109,"codename":"add_formlog"}},{"model":"auth.permission","pk":328,"fields":{"name":"Can change form log","content_type":109,"codename":"change_formlog"}},{"model":"auth.permission","pk":329,"fields":{"name":"Can delete form log","content_type":109,"codename":"delete_formlog"}},{"model":"auth.permission","pk":330,"fields":{"name":"Can add form value","content_type":110,"codename":"add_formvalue"}},{"model":"auth.permission","pk":331,"fields":{"name":"Can change form value","content_type":110,"codename":"change_formvalue"}},{"model":"auth.permission","pk":332,"fields":{"name":"Can delete form value","content_type":110,"codename":"delete_formvalue"}},{"model":"auth.permission","pk":333,"fields":{"name":"Can add unsubscribe request","content_type":111,"codename":"add_unsubscriberequest"}},{"model":"auth.permission","pk":334,"fields":{"name":"Can change unsubscribe request","content_type":111,"codename":"change_unsubscriberequest"}},{"model":"auth.permission","pk":335,"fields":{"name":"Can delete unsubscribe request","content_type":111,"codename":"delete_unsubscriberequest"}},{"model":"auth.permission","pk":336,"fields":{"name":"Can add address pulled","content_type":112,"codename":"add_addresspulled"}},{"model":"auth.permission","pk":337,"fields":{"name":"Can change address pulled","content_type":112,"codename":"change_addresspulled"}},{"model":"auth.permission","pk":338,"fields":{"name":"Can delete address pulled","content_type":112,"codename":"delete_addresspulled"}},{"model":"auth.permission","pk":339,"fields":{"name":"Can add newsletter sent","content_type":113,"codename":"add_newslettersent"}},{"model":"auth.permission","pk":340,"fields":{"name":"Can change newsletter sent","content_type":113,"codename":"change_newslettersent"}},{"model":"auth.permission","pk":341,"fields":{"name":"Can delete newsletter sent","content_type":113,"codename":"delete_newslettersent"}},{"model":"auth.permission","pk":342,"fields":{"name":"Can add project","content_type":114,"codename":"add_project"}},{"model":"auth.permission","pk":343,"fields":{"name":"Can change project","content_type":114,"codename":"change_project"}},{"model":"auth.permission","pk":344,"fields":{"name":"Can delete project","content_type":114,"codename":"delete_project"}},{"model":"auth.permission","pk":345,"fields":{"name":"Can add iteration","content_type":115,"codename":"add_iteration"}},{"model":"auth.permission","pk":346,"fields":{"name":"Can change iteration","content_type":115,"codename":"change_iteration"}},{"model":"auth.permission","pk":347,"fields":{"name":"Can delete iteration","content_type":115,"codename":"delete_iteration"}},{"model":"auth.permission","pk":348,"fields":{"name":"Can add story","content_type":116,"codename":"add_story"}},{"model":"auth.permission","pk":349,"fields":{"name":"Can change story","content_type":116,"codename":"change_story"}},{"model":"auth.permission","pk":350,"fields":{"name":"Can delete story","content_type":116,"codename":"delete_story"}},{"model":"auth.permission","pk":351,"fields":{"name":"Can add news item","content_type":117,"codename":"add_newsitem"}},{"model":"auth.permission","pk":352,"fields":{"name":"Can change news item","content_type":117,"codename":"change_newsitem"}},{"model":"auth.permission","pk":353,"fields":{"name":"Can delete news item","content_type":117,"codename":"delete_newsitem"}},{"model":"auth.permission","pk":354,"fields":{"name":"Can add attachment","content_type":118,"codename":"add_attachment"}},{"model":"auth.permission","pk":355,"fields":{"name":"Can change attachment","content_type":118,"codename":"change_attachment"}},{"model":"auth.permission","pk":356,"fields":{"name":"Can delete attachment","content_type":118,"codename":"delete_attachment"}},{"model":"auth.permission","pk":357,"fields":{"name":"Can add basecamp credentials","content_type":119,"codename":"add_basecampcredentials"}},{"model":"auth.permission","pk":358,"fields":{"name":"Can change basecamp credentials","content_type":119,"codename":"change_basecampcredentials"}},{"model":"auth.permission","pk":359,"fields":{"name":"Can delete basecamp credentials","content_type":119,"codename":"delete_basecampcredentials"}},{"model":"auth.permission","pk":360,"fields":{"name":"Can add basecamp etags","content_type":120,"codename":"add_basecampetags"}},{"model":"auth.permission","pk":361,"fields":{"name":"Can change basecamp etags","content_type":120,"codename":"change_basecampetags"}},{"model":"auth.permission","pk":362,"fields":{"name":"Can delete basecamp etags","content_type":120,"codename":"delete_basecampetags"}},{"model":"auth.permission","pk":363,"fields":{"name":"Can add story mentions","content_type":121,"codename":"add_storymentions"}},{"model":"auth.permission","pk":364,"fields":{"name":"Can change story mentions","content_type":121,"codename":"change_storymentions"}},{"model":"auth.permission","pk":365,"fields":{"name":"Can delete story mentions","content_type":121,"codename":"delete_storymentions"}},{"model":"auth.permission","pk":366,"fields":{"name":"Can add external story mapping","content_type":122,"codename":"add_externalstorymapping"}},{"model":"auth.permission","pk":367,"fields":{"name":"Can change external story mapping","content_type":122,"codename":"change_externalstorymapping"}},{"model":"auth.permission","pk":368,"fields":{"name":"Can delete external story mapping","content_type":122,"codename":"delete_externalstorymapping"}},{"model":"auth.permission","pk":369,"fields":{"name":"Can add external task mapping","content_type":123,"codename":"add_externaltaskmapping"}},{"model":"auth.permission","pk":370,"fields":{"name":"Can change external task mapping","content_type":123,"codename":"change_externaltaskmapping"}},{"model":"auth.permission","pk":371,"fields":{"name":"Can delete external task mapping","content_type":123,"codename":"delete_externaltaskmapping"}},{"model":"auth.permission","pk":372,"fields":{"name":"Can add extra configuration","content_type":124,"codename":"add_extraconfiguration"}},{"model":"auth.permission","pk":373,"fields":{"name":"Can change extra configuration","content_type":124,"codename":"change_extraconfiguration"}},{"model":"auth.permission","pk":374,"fields":{"name":"Can delete extra configuration","content_type":124,"codename":"delete_extraconfiguration"}},{"model":"auth.permission","pk":375,"fields":{"name":"Can add project extra mapping","content_type":125,"codename":"add_projectextramapping"}},{"model":"auth.permission","pk":376,"fields":{"name":"Can change project extra mapping","content_type":125,"codename":"change_projectextramapping"}},{"model":"auth.permission","pk":377,"fields":{"name":"Can delete project extra mapping","content_type":125,"codename":"delete_projectextramapping"}},{"model":"auth.permission","pk":378,"fields":{"name":"Can add story queue","content_type":126,"codename":"add_storyqueue"}},{"model":"auth.permission","pk":379,"fields":{"name":"Can change story queue","content_type":126,"codename":"change_storyqueue"}},{"model":"auth.permission","pk":380,"fields":{"name":"Can delete story queue","content_type":126,"codename":"delete_storyqueue"}},{"model":"auth.permission","pk":381,"fields":{"name":"Can add syncronization queue","content_type":127,"codename":"add_syncronizationqueue"}},{"model":"auth.permission","pk":382,"fields":{"name":"Can change syncronization queue","content_type":127,"codename":"change_syncronizationqueue"}},{"model":"auth.permission","pk":383,"fields":{"name":"Can delete syncronization queue","content_type":127,"codename":"delete_syncronizationqueue"}},{"model":"auth.permission","pk":384,"fields":{"name":"Can add favorite","content_type":128,"codename":"add_favorite"}},{"model":"auth.permission","pk":385,"fields":{"name":"Can change favorite","content_type":128,"codename":"change_favorite"}},{"model":"auth.permission","pk":386,"fields":{"name":"Can delete favorite","content_type":128,"codename":"delete_favorite"}},{"model":"auth.permission","pk":387,"fields":{"name":"Can add policy","content_type":129,"codename":"add_policy"}},{"model":"auth.permission","pk":388,"fields":{"name":"Can change policy","content_type":129,"codename":"change_policy"}},{"model":"auth.permission","pk":389,"fields":{"name":"Can delete policy","content_type":129,"codename":"delete_policy"}},{"model":"auth.permission","pk":390,"fields":{"name":"Can add workflow","content_type":130,"codename":"add_workflow"}},{"model":"auth.permission","pk":391,"fields":{"name":"Can change workflow","content_type":130,"codename":"change_workflow"}},{"model":"auth.permission","pk":392,"fields":{"name":"Can delete workflow","content_type":130,"codename":"delete_workflow"}},{"model":"auth.permission","pk":393,"fields":{"name":"Can add workflow step","content_type":131,"codename":"add_workflowstep"}},{"model":"auth.permission","pk":394,"fields":{"name":"Can change workflow step","content_type":131,"codename":"change_workflowstep"}},{"model":"auth.permission","pk":395,"fields":{"name":"Can delete workflow step","content_type":131,"codename":"delete_workflowstep"}},{"model":"auth.permission","pk":396,"fields":{"name":"Can add board image","content_type":132,"codename":"add_boardimage"}},{"model":"auth.permission","pk":397,"fields":{"name":"Can change board image","content_type":132,"codename":"change_boardimage"}},{"model":"auth.permission","pk":398,"fields":{"name":"Can delete board image","content_type":132,"codename":"delete_boardimage"}},{"model":"auth.permission","pk":399,"fields":{"name":"Can add board graphic","content_type":133,"codename":"add_boardgraphic"}},{"model":"auth.permission","pk":400,"fields":{"name":"Can change board graphic","content_type":133,"codename":"change_boardgraphic"}},{"model":"auth.permission","pk":401,"fields":{"name":"Can delete board graphic","content_type":133,"codename":"delete_boardgraphic"}},{"model":"auth.permission","pk":402,"fields":{"name":"Can add board cell","content_type":134,"codename":"add_boardcell"}},{"model":"auth.permission","pk":403,"fields":{"name":"Can change board cell","content_type":134,"codename":"change_boardcell"}},{"model":"auth.permission","pk":404,"fields":{"name":"Can delete board cell","content_type":134,"codename":"delete_boardcell"}},{"model":"auth.permission","pk":405,"fields":{"name":"Can add cell movement","content_type":135,"codename":"add_cellmovement"}},{"model":"auth.permission","pk":406,"fields":{"name":"Can change cell movement","content_type":135,"codename":"change_cellmovement"}},{"model":"auth.permission","pk":407,"fields":{"name":"Can delete cell movement","content_type":135,"codename":"delete_cellmovement"}},{"model":"auth.permission","pk":408,"fields":{"name":"Can add step movement","content_type":136,"codename":"add_stepmovement"}},{"model":"auth.permission","pk":409,"fields":{"name":"Can change step movement","content_type":136,"codename":"change_stepmovement"}},{"model":"auth.permission","pk":410,"fields":{"name":"Can delete step movement","content_type":136,"codename":"delete_stepmovement"}},{"model":"auth.permission","pk":411,"fields":{"name":"Can add backlog history snapshot","content_type":137,"codename":"add_backloghistorysnapshot"}},{"model":"auth.permission","pk":412,"fields":{"name":"Can change backlog history snapshot","content_type":137,"codename":"change_backloghistorysnapshot"}},{"model":"auth.permission","pk":413,"fields":{"name":"Can delete backlog history snapshot","content_type":137,"codename":"delete_backloghistorysnapshot"}},{"model":"auth.permission","pk":414,"fields":{"name":"Can add backlog history stories","content_type":138,"codename":"add_backloghistorystories"}},{"model":"auth.permission","pk":415,"fields":{"name":"Can change backlog history stories","content_type":138,"codename":"change_backloghistorystories"}},{"model":"auth.permission","pk":416,"fields":{"name":"Can delete backlog history stories","content_type":138,"codename":"delete_backloghistorystories"}},{"model":"auth.permission","pk":417,"fields":{"name":"Can add policy age","content_type":139,"codename":"add_policyage"}},{"model":"auth.permission","pk":418,"fields":{"name":"Can change policy age","content_type":139,"codename":"change_policyage"}},{"model":"auth.permission","pk":419,"fields":{"name":"Can delete policy age","content_type":139,"codename":"delete_policyage"}},{"model":"auth.permission","pk":420,"fields":{"name":"Can add step stat","content_type":140,"codename":"add_stepstat"}},{"model":"auth.permission","pk":421,"fields":{"name":"Can change step stat","content_type":140,"codename":"change_stepstat"}},{"model":"auth.permission","pk":422,"fields":{"name":"Can delete step stat","content_type":140,"codename":"delete_stepstat"}},{"model":"auth.permission","pk":423,"fields":{"name":"Can add board header","content_type":141,"codename":"add_boardheader"}},{"model":"auth.permission","pk":424,"fields":{"name":"Can change board header","content_type":141,"codename":"change_boardheader"}},{"model":"auth.permission","pk":425,"fields":{"name":"Can delete board header","content_type":141,"codename":"delete_boardheader"}},{"model":"auth.permission","pk":426,"fields":{"name":"Can add kanban stat","content_type":142,"codename":"add_kanbanstat"}},{"model":"auth.permission","pk":427,"fields":{"name":"Can change kanban stat","content_type":142,"codename":"change_kanbanstat"}},{"model":"auth.permission","pk":428,"fields":{"name":"Can delete kanban stat","content_type":142,"codename":"delete_kanbanstat"}},{"model":"auth.permission","pk":429,"fields":{"name":"Can add board attributes","content_type":143,"codename":"add_boardattributes"}},{"model":"auth.permission","pk":430,"fields":{"name":"Can change board attributes","content_type":143,"codename":"change_boardattributes"}},{"model":"auth.permission","pk":431,"fields":{"name":"Can delete board attributes","content_type":143,"codename":"delete_boardattributes"}},{"model":"auth.permission","pk":432,"fields":{"name":"Can add commit","content_type":144,"codename":"add_commit"}},{"model":"auth.permission","pk":433,"fields":{"name":"Can change commit","content_type":144,"codename":"change_commit"}},{"model":"auth.permission","pk":434,"fields":{"name":"Can delete commit","content_type":144,"codename":"delete_commit"}},{"model":"auth.permission","pk":435,"fields":{"name":"Can add epic","content_type":145,"codename":"add_epic"}},{"model":"auth.permission","pk":436,"fields":{"name":"Can change epic","content_type":145,"codename":"change_epic"}},{"model":"auth.permission","pk":437,"fields":{"name":"Can delete epic","content_type":145,"codename":"delete_epic"}},{"model":"auth.permission","pk":438,"fields":{"name":"Can add points log","content_type":146,"codename":"add_pointslog"}},{"model":"auth.permission","pk":439,"fields":{"name":"Can change points log","content_type":146,"codename":"change_pointslog"}},{"model":"auth.permission","pk":440,"fields":{"name":"Can delete points log","content_type":146,"codename":"delete_pointslog"}},{"model":"auth.permission","pk":441,"fields":{"name":"Can add story attributes","content_type":147,"codename":"add_storyattributes"}},{"model":"auth.permission","pk":442,"fields":{"name":"Can change story attributes","content_type":147,"codename":"change_storyattributes"}},{"model":"auth.permission","pk":443,"fields":{"name":"Can delete story attributes","content_type":147,"codename":"delete_storyattributes"}},{"model":"auth.permission","pk":444,"fields":{"name":"Can add story tag","content_type":148,"codename":"add_storytag"}},{"model":"auth.permission","pk":445,"fields":{"name":"Can change story tag","content_type":148,"codename":"change_storytag"}},{"model":"auth.permission","pk":446,"fields":{"name":"Can delete story tag","content_type":148,"codename":"delete_storytag"}},{"model":"auth.permission","pk":447,"fields":{"name":"Can add story tagging","content_type":149,"codename":"add_storytagging"}},{"model":"auth.permission","pk":448,"fields":{"name":"Can change story tagging","content_type":149,"codename":"change_storytagging"}},{"model":"auth.permission","pk":449,"fields":{"name":"Can delete story tagging","content_type":149,"codename":"delete_storytagging"}},{"model":"auth.permission","pk":450,"fields":{"name":"Can add task","content_type":150,"codename":"add_task"}},{"model":"auth.permission","pk":451,"fields":{"name":"Can change task","content_type":150,"codename":"change_task"}},{"model":"auth.permission","pk":452,"fields":{"name":"Can delete task","content_type":150,"codename":"delete_task"}},{"model":"auth.permission","pk":453,"fields":{"name":"Can add task tagging","content_type":151,"codename":"add_tasktagging"}},{"model":"auth.permission","pk":454,"fields":{"name":"Can change task tagging","content_type":151,"codename":"change_tasktagging"}},{"model":"auth.permission","pk":455,"fields":{"name":"Can delete task tagging","content_type":151,"codename":"delete_tasktagging"}},{"model":"auth.permission","pk":456,"fields":{"name":"Can add time entry","content_type":152,"codename":"add_timeentry"}},{"model":"auth.permission","pk":457,"fields":{"name":"Can change time entry","content_type":152,"codename":"change_timeentry"}},{"model":"auth.permission","pk":458,"fields":{"name":"Can delete time entry","content_type":152,"codename":"delete_timeentry"}},{"model":"auth.permission","pk":459,"fields":{"name":"Can add github credentials","content_type":153,"codename":"add_githubcredentials"}},{"model":"auth.permission","pk":460,"fields":{"name":"Can change github credentials","content_type":153,"codename":"change_githubcredentials"}},{"model":"auth.permission","pk":461,"fields":{"name":"Can delete github credentials","content_type":153,"codename":"delete_githubcredentials"}},{"model":"auth.permission","pk":462,"fields":{"name":"Can add github binding","content_type":154,"codename":"add_githubbinding"}},{"model":"auth.permission","pk":463,"fields":{"name":"Can change github binding","content_type":154,"codename":"change_githubbinding"}},{"model":"auth.permission","pk":464,"fields":{"name":"Can delete github binding","content_type":154,"codename":"delete_githubbinding"}},{"model":"auth.permission","pk":465,"fields":{"name":"Can add github log","content_type":155,"codename":"add_githublog"}},{"model":"auth.permission","pk":466,"fields":{"name":"Can change github log","content_type":155,"codename":"change_githublog"}},{"model":"auth.permission","pk":467,"fields":{"name":"Can delete github log","content_type":155,"codename":"delete_githublog"}},{"model":"auth.permission","pk":468,"fields":{"name":"Can add comment","content_type":156,"codename":"add_comment"}},{"model":"auth.permission","pk":469,"fields":{"name":"Can change comment","content_type":156,"codename":"change_comment"}},{"model":"auth.permission","pk":470,"fields":{"name":"Can delete comment","content_type":156,"codename":"delete_comment"}},{"model":"auth.permission","pk":471,"fields":{"name":"Can add team project","content_type":157,"codename":"add_teamproject"}},{"model":"auth.permission","pk":472,"fields":{"name":"Can change team project","content_type":157,"codename":"change_teamproject"}},{"model":"auth.permission","pk":473,"fields":{"name":"Can delete team project","content_type":157,"codename":"delete_teamproject"}},{"model":"auth.permission","pk":474,"fields":{"name":"Can add google auth","content_type":158,"codename":"add_googleauth"}},{"model":"auth.permission","pk":475,"fields":{"name":"Can change google auth","content_type":158,"codename":"change_googleauth"}},{"model":"auth.permission","pk":476,"fields":{"name":"Can delete google auth","content_type":158,"codename":"delete_googleauth"}},{"model":"auth.permission","pk":477,"fields":{"name":"Can add slack user","content_type":159,"codename":"add_slackuser"}},{"model":"auth.permission","pk":478,"fields":{"name":"Can change slack user","content_type":159,"codename":"change_slackuser"}},{"model":"auth.permission","pk":479,"fields":{"name":"Can delete slack user","content_type":159,"codename":"delete_slackuser"}},{"model":"auth.permission","pk":480,"fields":{"name":"Can add slack mapping","content_type":160,"codename":"add_slackmapping"}},{"model":"auth.permission","pk":481,"fields":{"name":"Can change slack mapping","content_type":160,"codename":"change_slackmapping"}},{"model":"auth.permission","pk":482,"fields":{"name":"Can delete slack mapping","content_type":160,"codename":"delete_slackmapping"}},{"model":"auth.permission","pk":483,"fields":{"name":"Can add flowdock user","content_type":161,"codename":"add_flowdockuser"}},{"model":"auth.permission","pk":484,"fields":{"name":"Can change flowdock user","content_type":161,"codename":"change_flowdockuser"}},{"model":"auth.permission","pk":485,"fields":{"name":"Can delete flowdock user","content_type":161,"codename":"delete_flowdockuser"}},{"model":"auth.permission","pk":486,"fields":{"name":"Can add flowdock mapping","content_type":162,"codename":"add_flowdockmapping"}},{"model":"auth.permission","pk":487,"fields":{"name":"Can change flowdock mapping","content_type":162,"codename":"change_flowdockmapping"}},{"model":"auth.permission","pk":488,"fields":{"name":"Can delete flowdock mapping","content_type":162,"codename":"delete_flowdockmapping"}},{"model":"auth.permission","pk":489,"fields":{"name":"Can add hip chat mapping","content_type":163,"codename":"add_hipchatmapping"}},{"model":"auth.permission","pk":490,"fields":{"name":"Can change hip chat mapping","content_type":163,"codename":"change_hipchatmapping"}},{"model":"auth.permission","pk":491,"fields":{"name":"Can delete hip chat mapping","content_type":163,"codename":"delete_hipchatmapping"}},{"model":"auth.permission","pk":492,"fields":{"name":"Can add inbox group","content_type":164,"codename":"add_inboxgroup"}},{"model":"auth.permission","pk":493,"fields":{"name":"Can change inbox group","content_type":164,"codename":"change_inboxgroup"}},{"model":"auth.permission","pk":494,"fields":{"name":"Can delete inbox group","content_type":164,"codename":"delete_inboxgroup"}},{"model":"auth.permission","pk":495,"fields":{"name":"Can add inbox entry","content_type":165,"codename":"add_inboxentry"}},{"model":"auth.permission","pk":496,"fields":{"name":"Can change inbox entry","content_type":165,"codename":"change_inboxentry"}},{"model":"auth.permission","pk":497,"fields":{"name":"Can delete inbox entry","content_type":165,"codename":"delete_inboxentry"}},{"model":"auth.user","pk":1,"fields":{"password":"sha1$LJwFkWyQpEpC$a93bcdca8ef5cab59ddf856020aa31e6c51710b9","last_login":"2016-04-04T12:52:31.117","is_superuser":false,"username":"jasmine","first_name":"Jasmine Test","last_name":"User","email":"marc.hughes@scrumdo.com","is_staff":false,"is_active":true,"date_joined":"2016-04-04T12:52:29.709","groups":[],"user_permissions":[]}},{"model":"kanban.workflow","pk":1,"fields":{"project":2,"name":"Everything","default":false,"flow_type":1}},{"model":"kanban.workflowstep","pk":1,"fields":{"order":1,"workflow":1,"name":"Todo","report_color":7634569,"mapped_status":-1}},{"model":"kanban.workflowstep","pk":2,"fields":{"order":2,"workflow":1,"name":"Doing","report_color":3709147,"mapped_status":-1}},{"model":"kanban.workflowstep","pk":3,"fields":{"order":3,"workflow":1,"name":"Reviewing","report_color":16086606,"mapped_status":-1}},{"model":"kanban.workflowstep","pk":4,"fields":{"order":4,"workflow":1,"name":"Done","report_color":3460211,"mapped_status":-1}},{"model":"kanban.boardcell","pk":1,"fields":{"project":2,"cellType":0,"label":"Todo","full_label":"Todo","layout":0,"headerColor":7634569,"backgroundColor":16448250,"wip_policy":null,"wipLimit":0,"pointLimit":0,"x":0,"y":0,"width":300,"height":400,"policy_text":"","time_type":2,"leadTime":true,"steps":[1],"policies":[]}},{"model":"kanban.boardcell","pk":2,"fields":{"project":2,"cellType":0,"label":"Doing","full_label":"Doing","layout":0,"headerColor":3709147,"backgroundColor":16448250,"wip_policy":null,"wipLimit":0,"pointLimit":0,"x":300,"y":0,"width":300,"height":400,"policy_text":"","time_type":2,"leadTime":true,"steps":[2],"policies":[]}},{"model":"kanban.boardcell","pk":3,"fields":{"project":2,"cellType":0,"label":"Reviewing","full_label":"Reviewing","layout":0,"headerColor":16086606,"backgroundColor":16448250,"wip_policy":null,"wipLimit":0,"pointLimit":0,"x":600,"y":0,"width":300,"height":400,"policy_text":"","time_type":2,"leadTime":true,"steps":[3],"policies":[]}},{"model":"kanban.boardcell","pk":4,"fields":{"project":2,"cellType":0,"label":"Done","full_label":"Done","layout":0,"headerColor":3460211,"backgroundColor":16448250,"wip_policy":null,"wipLimit":0,"pointLimit":0,"x":900,"y":0,"width":300,"height":400,"policy_text":"","time_type":3,"leadTime":true,"steps":[4],"policies":[]}},{"model":"kanban.tagmovement","pk":1,"fields":{"story":1,"tags_cache":"tutorial","created":"2016-04-04T12:52:42.447","related_iteration":5,"epic_id":0,"label_ids":"","assignee_ids":"","points_value":"2.0"}},{"model":"kanban.tagmovement","pk":2,"fields":{"story":2,"tags_cache":"tutorial","created":"2016-04-04T12:52:42.614","related_iteration":5,"epic_id":0,"label_ids":"","assignee_ids":"","points_value":"2.0"}},{"model":"kanban.tagmovement","pk":3,"fields":{"story":3,"tags_cache":"tutorial","created":"2016-04-04T12:52:42.769","related_iteration":5,"epic_id":2,"label_ids":"","assignee_ids":"","points_value":"3.0"}},{"model":"kanban.tagmovement","pk":4,"fields":{"story":4,"tags_cache":"tutorial","created":"2016-04-04T12:52:42.927","related_iteration":5,"epic_id":2,"label_ids":"","assignee_ids":"","points_value":"5.0"}},{"model":"kanban.tagmovement","pk":5,"fields":{"story":5,"tags_cache":"tutorial","created":"2016-04-04T12:52:43.711","related_iteration":5,"epic_id":3,"label_ids":"","assignee_ids":"","points_value":"5.0"}},{"model":"kanban.tagmovement","pk":6,"fields":{"story":6,"tags_cache":"tutorial","created":"2016-04-04T12:52:43.846","related_iteration":5,"epic_id":2,"label_ids":"","assignee_ids":"","points_value":"0.0"}},{"model":"kanban.tagmovement","pk":7,"fields":{"story":7,"tags_cache":"tutorial","created":"2016-04-04T12:52:43.977","related_iteration":5,"epic_id":0,"label_ids":"","assignee_ids":"","points_value":"3.0"}},{"model":"kanban.tagmovement","pk":8,"fields":{"story":8,"tags_cache":"tutorial","created":"2016-04-04T12:52:44.117","related_iteration":5,"epic_id":0,"label_ids":"","assignee_ids":"","points_value":"2.0"}},{"model":"kanban.tagmovement","pk":9,"fields":{"story":9,"tags_cache":"tutorial","created":"2016-04-04T12:52:44.339","related_iteration":4,"epic_id":3,"label_ids":"","assignee_ids":"","points_value":"2.0"}},{"model":"kanban.tagmovement","pk":10,"fields":{"story":10,"tags_cache":"tutorial","created":"2016-04-04T12:52:44.435","related_iteration":4,"epic_id":2,"label_ids":"","assignee_ids":"","points_value":"8.0"}},{"model":"kanban.tagmovement","pk":11,"fields":{"story":11,"tags_cache":"tutorial","created":"2016-04-04T12:52:44.529","related_iteration":4,"epic_id":3,"label_ids":"","assignee_ids":"","points_value":"5.0"}},{"model":"kanban.tagmovement","pk":12,"fields":{"story":12,"tags_cache":"tutorial","created":"2016-04-04T12:52:44.622","related_iteration":5,"epic_id":0,"label_ids":"","assignee_ids":"","points_value":"5.0"}},{"model":"kanban.tagmovement","pk":13,"fields":{"story":13,"tags_cache":"tutorial","created":"2016-04-04T12:52:44.842","related_iteration":4,"epic_id":0,"label_ids":"","assignee_ids":"","points_value":"0.0"}},{"model":"kanban.tagmovement","pk":14,"fields":{"story":14,"tags_cache":"tutorial","created":"2016-04-04T12:52:44.921","related_iteration":4,"epic_id":0,"label_ids":"","assignee_ids":"","points_value":"0.0"}},{"model":"kanban.tagmovement","pk":15,"fields":{"story":15,"tags_cache":"tutorial","created":"2016-04-04T12:52:45.002","related_iteration":4,"epic_id":0,"label_ids":"","assignee_ids":"","points_value":"0.0"}},{"model":"kanban.tagmovement","pk":16,"fields":{"story":16,"tags_cache":"tutorial","created":"2016-04-04T12:52:45.083","related_iteration":4,"epic_id":0,"label_ids":"","assignee_ids":"","points_value":"0.0"}},{"model":"kanban.tagmovement","pk":17,"fields":{"story":17,"tags_cache":"tutorial","created":"2016-04-04T12:52:45.165","related_iteration":4,"epic_id":0,"label_ids":"","assignee_ids":"","points_value":"0.0"}},{"model":"kanban.cellmovement","pk":1,"fields":{"user":1,"story":1,"cell_to":1,"created":"2016-04-02T12:52:42.510","related_iteration":5,"epic_id":0,"label_ids":"","tags":"tutorial","assignee_ids":"","points_value":"2.0"}},{"model":"kanban.cellmovement","pk":2,"fields":{"user":1,"story":2,"cell_to":1,"created":"2016-04-02T12:52:42.680","related_iteration":5,"epic_id":0,"label_ids":"","tags":"tutorial","assignee_ids":"","points_value":"2.0"}},{"model":"kanban.cellmovement","pk":3,"fields":{"user":1,"story":3,"cell_to":1,"created":"2016-04-02T12:52:42.835","related_iteration":5,"epic_id":2,"label_ids":"","tags":"tutorial","assignee_ids":"","points_value":"3.0"}},{"model":"kanban.cellmovement","pk":4,"fields":{"user":1,"story":4,"cell_to":1,"created":"2016-04-02T12:52:42.991","related_iteration":5,"epic_id":2,"label_ids":"","tags":"tutorial","assignee_ids":"","points_value":"5.0"}},{"model":"kanban.cellmovement","pk":5,"fields":{"user":1,"story":5,"cell_to":1,"created":"2016-04-02T12:52:43.767","related_iteration":5,"epic_id":3,"label_ids":"","tags":"tutorial","assignee_ids":"","points_value":"5.0"}},{"model":"kanban.cellmovement","pk":6,"fields":{"user":1,"story":6,"cell_to":1,"created":"2016-04-02T12:52:43.902","related_iteration":5,"epic_id":2,"label_ids":"","tags":"tutorial","assignee_ids":"","points_value":"0.0"}},{"model":"kanban.cellmovement","pk":7,"fields":{"user":1,"story":7,"cell_to":1,"created":"2016-04-02T12:52:44.032","related_iteration":5,"epic_id":0,"label_ids":"","tags":"tutorial","assignee_ids":"","points_value":"3.0"}},{"model":"kanban.cellmovement","pk":8,"fields":{"user":1,"story":8,"cell_to":1,"created":"2016-04-02T12:52:44.183","related_iteration":5,"epic_id":0,"label_ids":"","tags":"tutorial","assignee_ids":"","points_value":"2.0"}},{"model":"kanban.cellmovement","pk":9,"fields":{"user":1,"story":8,"cell_to":2,"created":"2016-04-03T12:52:44.250","related_iteration":5,"epic_id":0,"label_ids":"","tags":"tutorial","assignee_ids":"","points_value":"2.0"}},{"model":"kanban.cellmovement","pk":10,"fields":{"user":1,"story":12,"cell_to":1,"created":"2016-04-02T12:52:44.688","related_iteration":5,"epic_id":0,"label_ids":"","tags":"tutorial","assignee_ids":"","points_value":"5.0"}},{"model":"kanban.cellmovement","pk":11,"fields":{"user":1,"story":12,"cell_to":4,"created":"2016-04-03T12:52:44.754","related_iteration":5,"epic_id":0,"label_ids":"","tags":"tutorial","assignee_ids":"","points_value":"5.0"}},{"model":"kanban.stepmovement","pk":1,"fields":{"user":1,"story":1,"step_from":null,"step_to":1,"workflow":1,"created":"2016-04-04T12:52:42.484","related_iteration":5}},{"model":"kanban.stepmovement","pk":2,"fields":{"user":1,"story":2,"step_from":null,"step_to":1,"workflow":1,"created":"2016-04-04T12:52:42.653","related_iteration":5}},{"model":"kanban.stepmovement","pk":3,"fields":{"user":1,"story":3,"step_from":null,"step_to":1,"workflow":1,"created":"2016-04-04T12:52:42.809","related_iteration":5}},{"model":"kanban.stepmovement","pk":4,"fields":{"user":1,"story":4,"step_from":null,"step_to":1,"workflow":1,"created":"2016-04-04T12:52:42.965","related_iteration":5}},{"model":"kanban.stepmovement","pk":5,"fields":{"user":1,"story":5,"step_from":null,"step_to":1,"workflow":1,"created":"2016-04-04T12:52:43.744","related_iteration":5}},{"model":"kanban.stepmovement","pk":6,"fields":{"user":1,"story":6,"step_from":null,"step_to":1,"workflow":1,"created":"2016-04-04T12:52:43.879","related_iteration":5}},{"model":"kanban.stepmovement","pk":7,"fields":{"user":1,"story":7,"step_from":null,"step_to":1,"workflow":1,"created":"2016-04-04T12:52:44.010","related_iteration":5}},{"model":"kanban.stepmovement","pk":8,"fields":{"user":1,"story":8,"step_from":null,"step_to":1,"workflow":1,"created":"2016-04-04T12:52:44.157","related_iteration":5}},{"model":"kanban.stepmovement","pk":9,"fields":{"user":1,"story":8,"step_from":1,"step_to":2,"workflow":1,"created":"2016-04-04T12:52:44.223","related_iteration":5}},{"model":"kanban.stepmovement","pk":10,"fields":{"user":1,"story":12,"step_from":null,"step_to":1,"workflow":1,"created":"2016-04-04T12:52:44.662","related_iteration":5}},{"model":"kanban.stepmovement","pk":11,"fields":{"user":1,"story":12,"step_from":1,"step_to":4,"workflow":1,"created":"2016-04-04T12:52:44.728","related_iteration":5}},{"model":"kanban.rebuildmovementjob","pk":1,"fields":{"initiator":null,"project":2,"created":"2016-04-04T12:52:45.793"}},{"model":"projects.storytag","pk":1,"fields":{"project":2,"name":"tutorial"}},{"model":"projects.storytagging","pk":1,"fields":{"tag":1,"story":1}},{"model":"projects.storytagging","pk":2,"fields":{"tag":1,"story":2}},{"model":"projects.storytagging","pk":3,"fields":{"tag":1,"story":3}},{"model":"projects.storytagging","pk":4,"fields":{"tag":1,"story":4}},{"model":"projects.storytagging","pk":5,"fields":{"tag":1,"story":5}},{"model":"projects.storytagging","pk":6,"fields":{"tag":1,"story":6}},{"model":"projects.storytagging","pk":7,"fields":{"tag":1,"story":7}},{"model":"projects.storytagging","pk":8,"fields":{"tag":1,"story":8}},{"model":"projects.storytagging","pk":9,"fields":{"tag":1,"story":9}},{"model":"projects.storytagging","pk":10,"fields":{"tag":1,"story":10}},{"model":"projects.storytagging","pk":11,"fields":{"tag":1,"story":11}},{"model":"projects.storytagging","pk":12,"fields":{"tag":1,"story":12}},{"model":"projects.storytagging","pk":13,"fields":{"tag":1,"story":13}},{"model":"projects.storytagging","pk":14,"fields":{"tag":1,"story":14}},{"model":"projects.storytagging","pk":15,"fields":{"tag":1,"story":15}},{"model":"projects.storytagging","pk":16,"fields":{"tag":1,"story":16}},{"model":"projects.storytagging","pk":17,"fields":{"tag":1,"story":17}},{"model":"projects.extrauserinfo","pk":1,"fields":{"user":1,"full_name":"Jasmine Test User"}},{"model":"projects.task","pk":1,"fields":{"story":4,"summary":"Create your first task","assignee":null,"order":10,"tags_cache":null,"estimated_minutes":0,"status":1,"modified":"2016-04-04T12:52:43.022"}},{"model":"projects.task","pk":2,"fields":{"story":4,"summary":"Move a sub task","assignee":null,"order":20,"tags_cache":null,"estimated_minutes":0,"status":1,"modified":"2016-04-04T12:52:43.265"}},{"model":"projects.task","pk":3,"fields":{"story":4,"summary":"Open the sub task window","assignee":null,"order":50,"tags_cache":null,"estimated_minutes":0,"status":10,"modified":"2016-04-04T12:52:43.450"}},{"model":"projects.story","pk":1,"fields":{"business_value":0,"rank":10000,"epic_rank":10000,"release_rank":500000,"summary":"<h1>Start Here!</h1><p>This is a sample card in a sample project for you.  Click it to go to the project and open it.</p>","local_id":1,"detail":"<h1>Good Job!</h1><p>You just navigated to your project board and opened this card!  Check out the other cards on the board for more info.</p>","creator":1,"created":"2016-04-04T12:52:42.430","modified":"2016-04-04T12:52:42.582","points":"2","iteration":5,"project":2,"status":1,"card_type":1,"category":null,"extra_1":null,"extra_2":null,"extra_3":null,"epic":null,"task_counts":"0,0,0,0,0,0,0,0,0,0","comment_count":0,"has_external_links":false,"has_attachment":false,"has_commits":false,"tags_cache":"tutorial","epic_label":"","assignees_cache":"Jasmine Test User","estimated_minutes":0,"task_minutes":0,"cell":1,"due_date":null,"release":null,"assignee":[1]}},{"model":"projects.story","pk":2,"fields":{"business_value":0,"rank":20000,"epic_rank":20000,"release_rank":500000,"summary":"<h1>Edit/View a card</h1><p>Click the pencil icon <span class=\"glyphicon glyphicon-pencil cards-edit\"></span> in the upper right hand of this card.</p>","local_id":2,"detail":"<h1>Good Job!</h1><p>You just opened the detail window for this card. From here you can see everything about it. If you click around on it, you could edit it, go ahead and explore it a bit.</p><p>A card represents a unit of work in ScrumDo. For teams doing Scrum, they are usually User Stories. <span>If you are brand new to Scrum, take a look at our </span><a href=\"http://help.scrumdo.com/beginners/scrum.html\">Beginners Guide.</a></p><p>All of the cards in this tutorial project have more information if you open them.</p><p>When you're done with this card, feel free to close or save this window with the buttons in the upper right.</p>","creator":1,"created":"2016-04-04T12:52:42.593","modified":"2016-04-04T12:52:42.737","points":"2","iteration":5,"project":2,"status":1,"card_type":1,"category":null,"extra_1":null,"extra_2":null,"extra_3":null,"epic":null,"task_counts":"0,0,0,0,0,0,0,0,0,0","comment_count":0,"has_external_links":false,"has_attachment":false,"has_commits":false,"tags_cache":"tutorial","epic_label":"","assignees_cache":"","estimated_minutes":0,"task_minutes":0,"cell":1,"due_date":null,"release":null,"assignee":[]}},{"model":"projects.story","pk":3,"fields":{"business_value":0,"rank":30000,"epic_rank":30000,"release_rank":500000,"summary":"<h1>Move Cards</h1><p>You can drag these cards into the columns on the right to track what is happening with them.</p>","local_id":3,"detail":"<p>There are a couple other ways to move cards:</p><ul><li>The dropdown on the right of this window.</li><li>By shift-clicking several cards on the board and then using the move-card button in the toolbar (the grid of squares).</li></ul>","creator":1,"created":"2016-04-04T12:52:42.749","modified":"2016-04-04T12:52:42.894","points":"3","iteration":5,"project":2,"status":1,"card_type":1,"category":null,"extra_1":null,"extra_2":null,"extra_3":null,"epic":2,"task_counts":"0,0,0,0,0,0,0,0,0,0","comment_count":0,"has_external_links":false,"has_attachment":false,"has_commits":false,"tags_cache":"tutorial","epic_label":"#E1 #E2","assignees_cache":"","estimated_minutes":0,"task_minutes":0,"cell":1,"due_date":null,"release":null,"assignee":[]}},{"model":"projects.story","pk":4,"fields":{"business_value":0,"rank":40000,"epic_rank":40000,"release_rank":500000,"summary":"<h1>Sub Tasks</h1><p>A lot of teams will create Sub Tasks on their user stories. Open this card to see how.</p>","local_id":4,"detail":"<p>See the &#34;Tasks&#34; button at the top of this window? That will open a mini-board where you can create and manage the sub tasks for this card.</p><p>If you want to see your sub tasks on your main board, open up the board editor (see the next card) and make one of the columns a Task Column.</p><p>You can set up your task statuses in your project settings.</p>","creator":1,"created":"2016-04-04T12:52:42.906","modified":"2016-04-04T12:52:43.682","points":"5","iteration":5,"project":2,"status":1,"card_type":1,"category":null,"extra_1":null,"extra_2":null,"extra_3":null,"epic":2,"task_counts":"2,0,0,0,0,0,0,0,0,1","comment_count":0,"has_external_links":false,"has_attachment":false,"has_commits":false,"tags_cache":"tutorial","epic_label":"#E1 #E2","assignees_cache":"","estimated_minutes":0,"task_minutes":0,"cell":1,"due_date":null,"release":null,"assignee":[]}},{"model":"projects.story","pk":5,"fields":{"business_value":0,"rank":50000,"epic_rank":50000,"release_rank":500000,"summary":"<h1>Customize your project</h1><p>Click the &#34;Settings&#34; button at the top of your board to customize all aspects of your project. </p>","local_id":5,"detail":"<p>Within that, you can find the &#34;Board Editor&#34; that lets you change how this board looks to match your team's workflow.</p><p>When you're done with this tutorial project, you'll also find the Delete option in there under Admin Options</p>","creator":1,"created":"2016-04-04T12:52:43.694","modified":"2016-04-04T12:52:43.816","points":"5","iteration":5,"project":2,"status":1,"card_type":1,"category":null,"extra_1":null,"extra_2":null,"extra_3":null,"epic":3,"task_counts":"0,0,0,0,0,0,0,0,0,0","comment_count":0,"has_external_links":false,"has_attachment":false,"has_commits":false,"tags_cache":"tutorial","epic_label":"#E1 #E3","assignees_cache":"","estimated_minutes":0,"task_minutes":0,"cell":1,"due_date":null,"release":null,"assignee":[]}},{"model":"projects.story","pk":6,"fields":{"business_value":0,"rank":60000,"epic_rank":60000,"release_rank":500000,"summary":"<h1>Create a card</h1><p>There are several ways to create a card, the easiest is the dropdown menu at the top of each column on your board.</p>","local_id":6,"detail":"<div>Some other ways:</div><ul><li>Open your backlog panel on the left and use the quick-add form at the top.</li><li>Open the card-list view of an iteration from the navigation panel on the right and use the quick-add form at the top of that page.<br/><img src=\"https://s3.amazonaws.com/scrumdo-cdn/manual_uploads/tutorial_project/ScrumDo.png\"/><br/></li><li>Create a new card from the Planning tool</li><li>Import cards via Excel</li><li>Import GitHub issues via our integration</li></ul>","creator":1,"created":"2016-04-04T12:52:43.828","modified":"2016-04-04T12:52:43.950","points":"?","iteration":5,"project":2,"status":1,"card_type":1,"category":null,"extra_1":null,"extra_2":null,"extra_3":null,"epic":2,"task_counts":"0,0,0,0,0,0,0,0,0,0","comment_count":0,"has_external_links":false,"has_attachment":false,"has_commits":false,"tags_cache":"tutorial","epic_label":"#E1 #E2","assignees_cache":"","estimated_minutes":0,"task_minutes":0,"cell":1,"due_date":null,"release":null,"assignee":[]}},{"model":"projects.story","pk":7,"fields":{"business_value":0,"rank":70000,"epic_rank":70000,"release_rank":500000,"summary":"<h1>Backlog</h1><p>Your backlog is where future work not currently being worked on goes.</p>","local_id":7,"detail":"<p>Open the panel on the left to get a miniature view of your backlog right from your board.</p><p>Or you can click on &#34;Backlog&#34; in the right navigation panel to go to your full backlog.</p>","creator":1,"created":"2016-04-04T12:52:43.960","modified":"2016-04-04T12:52:44.084","points":"3","iteration":5,"project":2,"status":1,"card_type":1,"category":null,"extra_1":null,"extra_2":null,"extra_3":null,"epic":null,"task_counts":"0,0,0,0,0,0,0,0,0,0","comment_count":0,"has_external_links":false,"has_attachment":false,"has_commits":false,"tags_cache":"tutorial","epic_label":"","assignees_cache":"","estimated_minutes":0,"task_minutes":0,"cell":1,"due_date":null,"release":null,"assignee":[]}},{"model":"projects.story","pk":8,"fields":{"business_value":0,"rank":80000,"epic_rank":80000,"release_rank":500000,"summary":"<h1>Getting Help</h1><p>Click the Gear menu in the upper right corner and choose Help/Support to ask us anything.</p>","local_id":8,"detail":"<p>We have some guides available at:<a href=\"http://help.scrumdo.com/help/\">http://help.scrumdo.com/help/</a></p><p>You can also email us: <a href=\"mailto:support@scrumdo.com\">support@scrumdo.com</a></p>","creator":1,"created":"2016-04-04T12:52:44.096","modified":"2016-04-04T12:52:44.307","points":"2","iteration":5,"project":2,"status":1,"card_type":1,"category":null,"extra_1":null,"extra_2":null,"extra_3":null,"epic":null,"task_counts":"0,0,0,0,0,0,0,0,0,0","comment_count":0,"has_external_links":false,"has_attachment":false,"has_commits":false,"tags_cache":"tutorial","epic_label":"","assignees_cache":"","estimated_minutes":0,"task_minutes":0,"cell":2,"due_date":null,"release":null,"assignee":[]}},{"model":"projects.story","pk":9,"fields":{"business_value":0,"rank":90000,"epic_rank":90000,"release_rank":500000,"summary":"<h1>Create an Iteration</h1><p>You're looking at a default iteration we made for you. You can create a new one by clicking the &#34;Add Iteration&#34; button that is inside the Navigation panel on the right.</p>","local_id":9,"detail":"<p>If you're doing Scrumban or Kanban with continuous flow, leave the dates blank. As cards are completed and no longer needed, you can archive them to keep things tidy.</p>","creator":1,"created":"2016-04-04T12:52:44.319","modified":"2016-04-04T12:52:44.402","points":"2","iteration":4,"project":2,"status":1,"card_type":1,"category":null,"extra_1":null,"extra_2":null,"extra_3":null,"epic":3,"task_counts":"0,0,0,0,0,0,0,0,0,0","comment_count":0,"has_external_links":false,"has_attachment":false,"has_commits":false,"tags_cache":"tutorial","epic_label":"#E1 #E3","assignees_cache":"","estimated_minutes":0,"task_minutes":0,"cell":null,"due_date":null,"release":null,"assignee":[]}},{"model":"projects.story","pk":10,"fields":{"business_value":0,"rank":100000,"epic_rank":100000,"release_rank":500000,"summary":"<h1>Planning Tool</h1><p>The planning tool lets you create Epics to categorize your cards, and to plan out your iterations.</p>","local_id":10,"detail":"<p>Click on Planning in the right navigation bar to get to it.</p>","creator":1,"created":"2016-04-04T12:52:44.414","modified":"2016-04-04T12:52:44.497","points":"8","iteration":4,"project":2,"status":1,"card_type":1,"category":null,"extra_1":null,"extra_2":null,"extra_3":null,"epic":2,"task_counts":"0,0,0,0,0,0,0,0,0,0","comment_count":0,"has_external_links":false,"has_attachment":false,"has_commits":false,"tags_cache":"tutorial","epic_label":"#E1 #E2","assignees_cache":"","estimated_minutes":0,"task_minutes":0,"cell":null,"due_date":null,"release":null,"assignee":[]}},{"model":"projects.story","pk":11,"fields":{"business_value":0,"rank":110000,"epic_rank":110000,"release_rank":500000,"summary":"<h1>Invite Other People</h1><p>You can invite other people via 'Teams' from your organization dashboard.</p>","local_id":11,"detail":"<p>Teams also define the access people have and what projects they can access.</p>","creator":1,"created":"2016-04-04T12:52:44.508","modified":"2016-04-04T12:52:44.591","points":"5","iteration":4,"project":2,"status":1,"card_type":1,"category":null,"extra_1":null,"extra_2":null,"extra_3":null,"epic":3,"task_counts":"0,0,0,0,0,0,0,0,0,0","comment_count":0,"has_external_links":false,"has_attachment":false,"has_commits":false,"tags_cache":"tutorial","epic_label":"#E1 #E3","assignees_cache":"","estimated_minutes":0,"task_minutes":0,"cell":null,"due_date":null,"release":null,"assignee":[]}},{"model":"projects.story","pk":12,"fields":{"business_value":0,"rank":120000,"epic_rank":120000,"release_rank":500000,"summary":"Create a ScrumDo Trial","local_id":12,"detail":"Since you're seeing this, you have already completed this one!","creator":1,"created":"2016-04-04T12:52:44.602","modified":"2016-04-04T12:52:44.811","points":"5","iteration":5,"project":2,"status":1,"card_type":1,"category":null,"extra_1":null,"extra_2":null,"extra_3":null,"epic":null,"task_counts":"0,0,0,0,0,0,0,0,0,0","comment_count":0,"has_external_links":false,"has_attachment":false,"has_commits":false,"tags_cache":"tutorial","epic_label":"","assignees_cache":"","estimated_minutes":0,"task_minutes":0,"cell":4,"due_date":null,"release":null,"assignee":[]}},{"model":"projects.story","pk":13,"fields":{"business_value":0,"rank":130000,"epic_rank":130000,"release_rank":500000,"summary":"<h1>Reports</h1><p>Track your progress in your project with reports.</p>","local_id":13,"detail":"<p>Click the Reports link in the right navbar.  There are a couple days of sample data in this project.</p>","creator":1,"created":"2016-04-04T12:52:44.821","modified":"2016-04-04T12:52:44.893","points":"?","iteration":4,"project":2,"status":1,"card_type":1,"category":null,"extra_1":null,"extra_2":null,"extra_3":null,"epic":null,"task_counts":"0,0,0,0,0,0,0,0,0,0","comment_count":0,"has_external_links":false,"has_attachment":false,"has_commits":false,"tags_cache":"tutorial","epic_label":"","assignees_cache":"","estimated_minutes":0,"task_minutes":0,"cell":null,"due_date":null,"release":null,"assignee":[]}},{"model":"projects.story","pk":14,"fields":{"business_value":0,"rank":140000,"epic_rank":140000,"release_rank":500000,"summary":"<h1>Edit Iteration</h1><p>You can change the name or dates of an iteration by going into the card list view <span class='glyphicon glyphicon-align-justify'></span> and clicking Iteration Settings at the top.</p>","local_id":14,"detail":"<p>That is also where you can delete or archive iterations.</p>","creator":1,"created":"2016-04-04T12:52:44.903","modified":"2016-04-04T12:52:44.976","points":"?","iteration":4,"project":2,"status":1,"card_type":1,"category":null,"extra_1":null,"extra_2":null,"extra_3":null,"epic":null,"task_counts":"0,0,0,0,0,0,0,0,0,0","comment_count":0,"has_external_links":false,"has_attachment":false,"has_commits":false,"tags_cache":"tutorial","epic_label":"","assignees_cache":"","estimated_minutes":0,"task_minutes":0,"cell":null,"due_date":null,"release":null,"assignee":[]}},{"model":"projects.story","pk":15,"fields":{"business_value":0,"rank":150000,"epic_rank":150000,"release_rank":500000,"summary":"<h1>Integrations</h1><p>Find integrations with GitHub, Hipchat, Flowdock, and Slack in the Settings link at the top of your board.</p>","local_id":15,"detail":"<p>For more information, see <a href='http://help.scrumdo.com/help/integrations.html'>http://help.scrumdo.com/help/integrations.html</a></p>","creator":1,"created":"2016-04-04T12:52:44.986","modified":"2016-04-04T12:52:45.056","points":"?","iteration":4,"project":2,"status":1,"card_type":1,"category":null,"extra_1":null,"extra_2":null,"extra_3":null,"epic":null,"task_counts":"0,0,0,0,0,0,0,0,0,0","comment_count":0,"has_external_links":false,"has_attachment":false,"has_commits":false,"tags_cache":"tutorial","epic_label":"","assignees_cache":"","estimated_minutes":0,"task_minutes":0,"cell":null,"due_date":null,"release":null,"assignee":[]}},{"model":"projects.story","pk":16,"fields":{"business_value":2500,"rank":160000,"epic_rank":160000,"release_rank":500000,"summary":"<h1>Priortize Cards</h1><p>You can prioritze cards by business value, points, or dragging them up or down in the list.</p>","local_id":16,"detail":"<p>You can also enter a time estimate and see value/time.</p>  <p>Change how you sort cards with the <i class='fa fa-sort-alpha-asc'></i> button.  Click the <i class='fa fa-unsorted'></i> priority button to toggle priority mode.</p>","creator":1,"created":"2016-04-04T12:52:45.066","modified":"2016-04-04T12:52:45.135","points":"?","iteration":4,"project":2,"status":1,"card_type":1,"category":null,"extra_1":null,"extra_2":null,"extra_3":null,"epic":null,"task_counts":"0,0,0,0,0,0,0,0,0,0","comment_count":0,"has_external_links":false,"has_attachment":false,"has_commits":false,"tags_cache":"tutorial","epic_label":"","assignees_cache":"","estimated_minutes":240,"task_minutes":0,"cell":null,"due_date":null,"release":null,"assignee":[]}},{"model":"projects.story","pk":17,"fields":{"business_value":0,"rank":170000,"epic_rank":170000,"release_rank":500000,"summary":"<h1>Planning Poker</h1><p>Use planning poker to estimate cards with your team.</p>","local_id":17,"detail":"<p>Click the Planning Poker button at the top of the card edit window.</p>","creator":1,"created":"2016-04-04T12:52:45.147","modified":"2016-04-04T12:52:45.217","points":"?","iteration":4,"project":2,"status":1,"card_type":1,"category":null,"extra_1":null,"extra_2":null,"extra_3":null,"epic":null,"task_counts":"0,0,0,0,0,0,0,0,0,0","comment_count":0,"has_external_links":false,"has_attachment":false,"has_commits":false,"tags_cache":"tutorial","epic_label":"","assignees_cache":"","estimated_minutes":0,"task_minutes":0,"cell":null,"due_date":null,"release":null,"assignee":[]}},{"model":"projects.epic","pk":1,"fields":{"local_id":1,"summary":"Using ScrumDo","parent":null,"detail":"","points":"?","project":2,"order":5000,"archived":false,"status":0,"cards_total":0,"cards_completed":0,"cards_in_progress":0,"points_total":0,"points_completed":0,"points_in_progress":0,"release":null}},{"model":"projects.epic","pk":2,"fields":{"local_id":2,"summary":"Working on a Project","parent":1,"detail":"","points":"?","project":2,"order":10000,"archived":false,"status":0,"cards_total":0,"cards_completed":0,"cards_in_progress":0,"points_total":0,"points_completed":0,"points_in_progress":0,"release":null}},{"model":"projects.epic","pk":3,"fields":{"local_id":3,"summary":"Administration Functions","parent":1,"detail":"","points":"?","project":2,"order":15000,"archived":false,"status":0,"cards_total":0,"cards_completed":0,"cards_in_progress":0,"points_total":0,"points_completed":0,"points_in_progress":0,"release":null}},{"model":"projects.pointslog","pk":1,"fields":{"date":"2016-04-02","points_status1":40,"points_status2":0,"points_status3":0,"points_status4":0,"points_status5":0,"points_status6":0,"points_status7":0,"points_status8":0,"points_status9":0,"points_status10":0,"time_estimated":0,"time_estimated_completed":0,"points_total":40,"iteration":null,"project":2}},{"model":"projects.pointslog","pk":2,"fields":{"date":"2016-04-03","points_status1":37,"points_status2":0,"points_status3":0,"points_status4":0,"points_status5":0,"points_status6":0,"points_status7":0,"points_status8":0,"points_status9":0,"points_status10":3,"time_estimated":0,"time_estimated_completed":0,"points_total":40,"iteration":null,"project":2}},{"model":"projects.pointslog","pk":3,"fields":{"date":"2016-04-02","points_status1":25,"points_status2":0,"points_status3":0,"points_status4":0,"points_status5":0,"points_status6":0,"points_status7":0,"points_status8":0,"points_status9":0,"points_status10":0,"time_estimated":0,"time_estimated_completed":0,"points_total":25,"iteration":5,"project":null}},{"model":"projects.pointslog","pk":4,"fields":{"date":"2016-04-03","points_status1":15,"points_status2":0,"points_status3":0,"points_status4":10,"points_status5":0,"points_status6":0,"points_status7":0,"points_status8":0,"points_status9":0,"points_status10":0,"time_estimated":0,"time_estimated_completed":0,"points_total":25,"iteration":5,"project":null}},{"model":"projects.iteration","pk":1,"fields":{"name":"Backlog","detail":"","start_date":null,"end_date":null,"project":1,"default_iteration":true,"locked":false,"iteration_type":0,"include_in_velocity":true,"hidden":false}},{"model":"projects.iteration","pk":2,"fields":{"name":"Iteration #1","detail":"","start_date":"2016-04-04","end_date":"2016-04-18","project":1,"default_iteration":false,"locked":false,"iteration_type":1,"include_in_velocity":true,"hidden":false}},{"model":"projects.iteration","pk":3,"fields":{"name":"Archive","detail":"","start_date":null,"end_date":null,"project":1,"default_iteration":false,"locked":false,"iteration_type":2,"include_in_velocity":true,"hidden":false}},{"model":"projects.iteration","pk":4,"fields":{"name":"Backlog","detail":"","start_date":null,"end_date":null,"project":2,"default_iteration":true,"locked":false,"iteration_type":0,"include_in_velocity":true,"hidden":false}},{"model":"projects.iteration","pk":5,"fields":{"name":"Iteration #1","detail":"","start_date":"2016-04-02","end_date":"2016-04-18","project":2,"default_iteration":false,"locked":false,"iteration_type":1,"include_in_velocity":true,"hidden":false}},{"model":"projects.iteration","pk":6,"fields":{"name":"Archive","detail":"","start_date":null,"end_date":null,"project":2,"default_iteration":false,"locked":false,"iteration_type":2,"include_in_velocity":true,"hidden":false}},{"model":"projects.project","pk":1,"fields":{"project_type":1,"slug":"jasmine-project","prefix":"JP","name":"jasmine-project","creator":1,"created":"2016-04-04T12:52:40.248","description":"","personal":false,"color":16152142,"active":true,"private":true,"use_extra_1":false,"use_extra_2":false,"use_extra_3":false,"extra_1_label":null,"extra_2_label":null,"extra_3_label":null,"status_names":"Todo                          Doing                         Reviewing                     Done      ","task_status_names":"Todo                          Doing                                                       Done      ","card_types":"User Story          Feature                                           Bug                           ","velocity_type":1,"point_scale_type":0,"velocity":null,"velocity_iteration_span":null,"iterations_left":null,"organization":1,"category":"","categories":null,"token":"if9yeh0","burnup_reset":0,"burnup_reset_date":null,"has_iterations_hidden":false,"abandoned":false,"live_updates":false,"shared":null,"story_minutes":0,"render_mode":0,"default_cell":null}},{"model":"projects.project","pk":2,"fields":{"project_type":1,"slug":"training30099","prefix":"PP","name":"Sample Project","creator":1,"created":"2016-04-04T12:52:41.970","description":"","personal":false,"color":16152142,"active":true,"private":true,"use_extra_1":false,"use_extra_2":false,"use_extra_3":false,"extra_1_label":null,"extra_2_label":null,"extra_3_label":null,"status_names":"Todo                          Doing                         Reviewing                     Done      ","task_status_names":"Todo                          Doing                                                       Done      ","card_types":"User Story          Feature                                           Bug                           ","velocity_type":1,"point_scale_type":0,"velocity":null,"velocity_iteration_span":null,"iterations_left":null,"organization":1,"category":"","categories":null,"token":"vuyefrp","burnup_reset":0,"burnup_reset_date":null,"has_iterations_hidden":false,"abandoned":false,"live_updates":false,"shared":null,"story_minutes":0,"render_mode":0,"default_cell":null}},{"model":"projects.label","pk":1,"fields":{"name":"User Story","color":3460211,"project":2,"mapped_category":null,"mapped_card_type":null,"stories":[]}},{"model":"projects.label","pk":2,"fields":{"name":"Feature","color":10115509,"project":2,"mapped_category":null,"mapped_card_type":null,"stories":[1,2,3,4,5,6,7,8,9,10,11,12,13,14,15,16,17]}},{"model":"projects.label","pk":3,"fields":{"name":"Bug","color":12532011,"project":2,"mapped_category":null,"mapped_card_type":null,"stories":[]}},{"model":"account.account","pk":1,"fields":{"user":1,"timezone":"US/Eastern","language":"en","approved":true,"classic_mode":2}},{"model":"organizations.team","pk":1,"fields":{"organization":1,"assignable":true,"name":"Members","access_type":"write","members":[],"projects":[1,2]}},{"model":"organizations.team","pk":2,"fields":{"organization":1,"assignable":true,"name":"Staff","access_type":"staff","members":[1],"projects":[2]}},{"model":"organizations.organization","pk":1,"fields":{"name":"jasmine-org","slug":"jasmine-org","creator":1,"created":"2016-04-04T12:52:40.176","description":"","source":"app.intercom.io / referral","bill_to":"","timezone":"US/Eastern","end_of_week":6,"allow_personal":true,"active":true,"planning_mode":"unset","classic_mode":2}},{"model":"activities.newsitem","pk":1,"fields":{"created":"2016-04-04T12:52:40.267","user":1,"project":1,"text":"created project <a href=\"/projects/project/jasmine-project/\">jasmine-project</a>","icon":"server_add","feed_url":null,"related_story":null}},{"model":"activities.newsitem","pk":2,"fields":{"created":"2016-04-04T12:52:41.019","user":1,"project":1,"text":"created organization <a href=\"/organization/jasmine-org/dashboard\">jasmine-org</a>","icon":"building_add","feed_url":null,"related_story":null}},{"model":"activities.newsitem","pk":3,"fields":{"created":"2016-04-04T12:52:45.850","user":1,"project":2,"text":"created project <a href=\"/projects/project/training30099/\">Sample Project</a>","icon":"server_add","feed_url":null,"related_story":null}},{"model":"subscription.subscriptionplan","pk":1,"fields":{"name":"Bronze","tagline":"Additional features.","active":false,"show_in_grid":false,"price":"$14.95/month","price_val":"14.95","users":20,"projects":999,"storage":999,"premium_integrations":true,"order":1,"spreedly_id":10165,"feature_level":"bronze","featured_plan":false,"planning_poker":true,"epic_tool":true,"emails":true,"yearly":false,"custom_status":false,"time_tracking":false,"special_allowed":false,"kanban":false,"live_updates":false,"premium_plan":false}},{"model":"subscription.subscriptionplan","pk":2,"fields":{"name":"Silver","tagline":"Most Popular Plan!","active":false,"show_in_grid":false,"price":"$24.95/month","price_val":"24.95","users":30,"projects":999,"storage":999,"premium_integrations":true,"order":2,"spreedly_id":10166,"feature_level":"silver","featured_plan":false,"planning_poker":true,"epic_tool":true,"emails":true,"yearly":false,"custom_status":false,"time_tracking":false,"special_allowed":false,"kanban":false,"live_updates":false,"premium_plan":false}},{"model":"subscription.subscriptionplan","pk":3,"fields":{"name":"Gold","tagline":"Getting bigger?","active":false,"show_in_grid":false,"price":"$49.95/month","price_val":"49.95","users":60,"projects":999,"storage":999,"premium_integrations":true,"order":3,"spreedly_id":10167,"feature_level":"gold","featured_plan":false,"planning_poker":true,"epic_tool":true,"emails":true,"yearly":false,"custom_status":true,"time_tracking":true,"special_allowed":false,"kanban":false,"live_updates":true,"premium_plan":true}},{"model":"subscription.subscriptionplan","pk":4,"fields":{"name":"Platinum","tagline":"For large companies","active":false,"show_in_grid":false,"price":"$149.95/month","price_val":"149.95","users":200,"projects":999,"storage":999,"premium_integrations":true,"order":4,"spreedly_id":11292,"feature_level":"platinum","featured_plan":false,"planning_poker":true,"epic_tool":true,"emails":true,"yearly":false,"custom_status":true,"time_tracking":true,"special_allowed":false,"kanban":false,"live_updates":true,"premium_plan":true}},{"model":"subscription.subscriptionplan","pk":5,"fields":{"name":"Bronze","tagline":"Additional features.","active":false,"show_in_grid":false,"price":"$164.45/year","price_val":"13.70","users":20,"projects":999,"storage":999,"premium_integrations":true,"order":1,"spreedly_id":11073,"feature_level":"bronze-y","featured_plan":false,"planning_poker":true,"epic_tool":true,"emails":true,"yearly":true,"custom_status":false,"time_tracking":false,"special_allowed":false,"kanban":false,"live_updates":false,"premium_plan":false}},{"model":"subscription.subscriptionplan","pk":6,"fields":{"name":"Silver","tagline":"Most Popular Plan!","active":false,"show_in_grid":false,"price":"$274.45/year","price_val":"22.87","users":30,"projects":999,"storage":999,"premium_integrations":true,"order":2,"spreedly_id":11074,"feature_level":"silver-y","featured_plan":false,"planning_poker":true,"epic_tool":true,"emails":true,"yearly":true,"custom_status":false,"time_tracking":false,"special_allowed":false,"kanban":false,"live_updates":false,"premium_plan":false}},{"model":"subscription.subscriptionplan","pk":7,"fields":{"name":"Gold","tagline":"Getting bigger?","active":false,"show_in_grid":false,"price":"$549.45/year","price_val":"45.78","users":60,"projects":999,"storage":999,"premium_integrations":true,"order":3,"spreedly_id":11075,"feature_level":"gold-y","featured_plan":false,"planning_poker":true,"epic_tool":true,"emails":true,"yearly":true,"custom_status":true,"time_tracking":true,"special_allowed":false,"kanban":false,"live_updates":true,"premium_plan":true}},{"model":"subscription.subscriptionplan","pk":8,"fields":{"name":"Platinum","tagline":"For large companies","active":false,"show_in_grid":false,"price":"$1,649.45/year","price_val":"137.45","users":200,"projects":999,"storage":999,"premium_integrations":true,"order":4,"spreedly_id":11291,"feature_level":"platinum-y","featured_plan":false,"planning_poker":true,"epic_tool":true,"emails":true,"yearly":true,"custom_status":true,"time_tracking":true,"special_allowed":false,"kanban":false,"live_updates":true,"premium_plan":true}},{"model":"subscription.subscriptionplan","pk":9,"fields":{"name":"Basic","tagline":"Getting started","active":false,"show_in_grid":false,"price":"$5.95/month","price_val":"5.95","users":3,"projects":999,"storage":999,"premium_integrations":true,"order":5,"spreedly_id":17680,"feature_level":"basic","featured_plan":false,"planning_poker":false,"epic_tool":false,"emails":false,"yearly":false,"custom_status":false,"time_tracking":false,"special_allowed":false,"kanban":false,"live_updates":false,"premium_plan":false}},{"model":"subscription.subscriptionplan","pk":10,"fields":{"name":"Bronze","tagline":"Full scrum team","active":false,"show_in_grid":false,"price":"$19.95/month","price_val":"19.95","users":10,"projects":999,"storage":999,"premium_integrations":true,"order":4,"spreedly_id":17682,"feature_level":"bronze-b","featured_plan":false,"planning_poker":true,"epic_tool":true,"emails":true,"yearly":false,"custom_status":false,"time_tracking":false,"special_allowed":false,"kanban":false,"live_updates":false,"premium_plan":false}},{"model":"subscription.subscriptionplan","pk":11,"fields":{"name":"Silver","tagline":"Most Popular Plan!","active":false,"show_in_grid":false,"price":"$39.95/month","price_val":"39.95","users":15,"projects":999,"storage":999,"premium_integrations":true,"order":3,"spreedly_id":17684,"feature_level":"silver-b","featured_plan":true,"planning_poker":true,"epic_tool":true,"emails":true,"yearly":false,"custom_status":true,"time_tracking":false,"special_allowed":false,"kanban":false,"live_updates":false,"premium_plan":false}},{"model":"subscription.subscriptionplan","pk":12,"fields":{"name":"Gold","tagline":"Multiple teams","active":false,"show_in_grid":false,"price":"$69.95/month","price_val":"69.95","users":25,"projects":999,"storage":999,"premium_integrations":true,"order":2,"spreedly_id":17686,"feature_level":"gold-b","featured_plan":false,"planning_poker":true,"epic_tool":true,"emails":true,"yearly":false,"custom_status":true,"time_tracking":true,"special_allowed":false,"kanban":false,"live_updates":true,"premium_plan":true}},{"model":"subscription.subscriptionplan","pk":13,"fields":{"name":"Platinum","tagline":"For large companies","active":false,"show_in_grid":false,"price":"$149.95/month","price_val":"149.95","users":50,"projects":999,"storage":999,"premium_integrations":true,"order":1,"spreedly_id":17688,"feature_level":"platinum-b","featured_plan":false,"planning_poker":true,"epic_tool":true,"emails":true,"yearly":false,"custom_status":true,"time_tracking":true,"special_allowed":false,"kanban":false,"live_updates":true,"premium_plan":true}},{"model":"subscription.subscriptionplan","pk":14,"fields":{"name":"Diamond","tagline":"Everything you could need","active":false,"show_in_grid":false,"price":"$299.95/month","price_val":"299.95","users":150,"projects":999,"storage":999,"premium_integrations":true,"order":6,"spreedly_id":17690,"feature_level":"diamond","featured_plan":false,"planning_poker":true,"epic_tool":true,"emails":true,"yearly":false,"custom_status":true,"time_tracking":true,"special_allowed":false,"kanban":false,"live_updates":true,"premium_plan":true}},{"model":"subscription.subscriptionplan","pk":15,"fields":{"name":"Basic","tagline":"Getting started","active":false,"show_in_grid":false,"price":"$59.50/year","price_val":"5.95","users":3,"projects":999,"storage":999,"premium_integrations":true,"order":1,"spreedly_id":17681,"feature_level":"basic-y","featured_plan":false,"planning_poker":false,"epic_tool":false,"emails":false,"yearly":true,"custom_status":false,"time_tracking":false,"special_allowed":false,"kanban":false,"live_updates":false,"premium_plan":false}},{"model":"subscription.subscriptionplan","pk":16,"fields":{"name":"Bronze","tagline":"Full scrum team","active":false,"show_in_grid":false,"price":"$199.50/year","price_val":"19.95","users":10,"projects":999,"storage":999,"premium_integrations":true,"order":2,"spreedly_id":17683,"feature_level":"bronze-b-y","featured_plan":false,"planning_poker":true,"epic_tool":true,"emails":true,"yearly":true,"custom_status":false,"time_tracking":false,"special_allowed":false,"kanban":false,"live_updates":false,"premium_plan":false}},{"model":"subscription.subscriptionplan","pk":17,"fields":{"name":"Silver","tagline":"Most Popular Plan!","active":false,"show_in_grid":false,"price":"$399.50/year","price_val":"39.95","users":15,"projects":999,"storage":999,"premium_integrations":true,"order":3,"spreedly_id":17685,"feature_level":"silver-b-y","featured_plan":true,"planning_poker":true,"epic_tool":true,"emails":true,"yearly":true,"custom_status":true,"time_tracking":false,"special_allowed":false,"kanban":false,"live_updates":false,"premium_plan":false}},{"model":"subscription.subscriptionplan","pk":18,"fields":{"name":"Gold","tagline":"Multiple teams","active":false,"show_in_grid":false,"price":"$699.50/year","price_val":"69.95","users":25,"projects":999,"storage":999,"premium_integrations":true,"order":4,"spreedly_id":17687,"feature_level":"gold-b-y","featured_plan":false,"planning_poker":true,"epic_tool":true,"emails":true,"yearly":true,"custom_status":true,"time_tracking":true,"special_allowed":false,"kanban":false,"live_updates":true,"premium_plan":true}},{"model":"subscription.subscriptionplan","pk":19,"fields":{"name":"Platinum","tagline":"For large companies","active":false,"show_in_grid":false,"price":"$149.95/month","price_val":"149.95","users":50,"projects":999,"storage":999,"premium_integrations":true,"order":5,"spreedly_id":17689,"feature_level":"platinum-b-y","featured_plan":false,"planning_poker":true,"epic_tool":true,"emails":true,"yearly":true,"custom_status":true,"time_tracking":true,"special_allowed":false,"kanban":false,"live_updates":true,"premium_plan":true}},{"model":"subscription.subscriptionplan","pk":20,"fields":{"name":"Diamond","tagline":"Everything you could need","active":false,"show_in_grid":false,"price":"$2999.50/year","price_val":"299.95","users":150,"projects":999,"storage":999,"premium_integrations":true,"order":6,"spreedly_id":17691,"feature_level":"diamond-y","featured_plan":false,"planning_poker":true,"epic_tool":true,"emails":true,"yearly":true,"custom_status":true,"time_tracking":true,"special_allowed":false,"kanban":false,"live_updates":true,"premium_plan":true}},{"model":"subscription.subscriptionplan","pk":1000,"fields":{"name":"Free","tagline":"All the scrum basics.","active":false,"show_in_grid":false,"price":"Free","price_val":"0.00","users":10,"projects":999,"storage":5,"premium_integrations":false,"order":0,"spreedly_id":-1,"feature_level":"free","featured_plan":false,"planning_poker":true,"epic_tool":true,"emails":false,"yearly":false,"custom_status":false,"time_tracking":false,"special_allowed":false,"kanban":false,"live_updates":false,"premium_plan":false}},{"model":"subscription.subscriptionplan","pk":1001,"fields":{"name":"Free","tagline":"All the scrum basics.","active":false,"show_in_grid":false,"price":"Free","price_val":"0.00","users":7,"projects":999,"storage":5,"premium_integrations":false,"order":10,"spreedly_id":-1,"feature_level":"free","featured_plan":false,"planning_poker":false,"epic_tool":false,"emails":false,"yearly":false,"custom_status":false,"time_tracking":false,"special_allowed":false,"kanban":false,"live_updates":false,"premium_plan":false}},{"model":"subscription.subscriptionplan","pk":1002,"fields":{"name":"Academic Plan","tagline":"Academic Plan","active":false,"show_in_grid":false,"price":"Academic / Free","price_val":"0.01","users":50,"projects":999,"storage":999,"premium_integrations":true,"order":0,"spreedly_id":-1,"feature_level":"academic","featured_plan":false,"planning_poker":true,"epic_tool":true,"emails":true,"yearly":false,"custom_status":false,"time_tracking":true,"special_allowed":false,"kanban":false,"live_updates":false,"premium_plan":false}},{"model":"subscription.subscriptionplan","pk":1003,"fields":{"name":"Diamond","tagline":"Everything you could need","active":false,"show_in_grid":false,"price":"$2699.50/year","price_val":"269.95","users":150,"projects":999,"storage":999,"premium_integrations":true,"order":7,"spreedly_id":18151,"feature_level":"diamond-y-b","featured_plan":false,"planning_poker":true,"epic_tool":true,"emails":true,"yearly":true,"custom_status":true,"time_tracking":true,"special_allowed":false,"kanban":false,"live_updates":true,"premium_plan":true}},{"model":"subscription.subscriptionplan","pk":1004,"fields":{"name":"350-user","tagline":"Just for Education Inst","active":false,"show_in_grid":false,"price":"$4000/yr","price_val":"167.00","users":350,"projects":999,"storage":999,"premium_integrations":true,"order":7,"spreedly_id":-1,"feature_level":"scholastic","featured_plan":false,"planning_poker":true,"epic_tool":true,"emails":true,"yearly":true,"custom_status":true,"time_tracking":true,"special_allowed":false,"kanban":true,"live_updates":true,"premium_plan":true}},{"model":"subscription.subscriptionplan","pk":1005,"fields":{"name":"Open Source","tagline":"Free plan for an Open Source project.","active":false,"show_in_grid":false,"price":"Free","price_val":"0.01","users":25,"projects":999,"storage":999,"premium_integrations":true,"order":7,"spreedly_id":-1,"feature_level":"opensource","featured_plan":false,"planning_poker":true,"epic_tool":true,"emails":true,"yearly":true,"custom_status":true,"time_tracking":false,"special_allowed":false,"kanban":false,"live_updates":false,"premium_plan":false}},{"model":"subscription.subscriptionplan","pk":2000,"fields":{"name":"Bronze","tagline":"Entry level Scrum","active":false,"show_in_grid":false,"price":"$15.95/month","price_val":"15.95","users":7,"projects":999,"storage":999,"premium_integrations":true,"order":4,"spreedly_id":19945,"feature_level":"bronze-c","featured_plan":false,"planning_poker":true,"epic_tool":true,"emails":false,"yearly":false,"custom_status":false,"time_tracking":false,"special_allowed":false,"kanban":false,"live_updates":false,"premium_plan":false}},{"model":"subscription.subscriptionplan","pk":2001,"fields":{"name":"Silver","tagline":"Great for teams","active":false,"show_in_grid":false,"price":"$34.95/month","price_val":"34.95","users":15,"projects":999,"storage":999,"premium_integrations":true,"order":3,"spreedly_id":19946,"feature_level":"silver-c","featured_plan":true,"planning_poker":true,"epic_tool":true,"emails":true,"yearly":false,"custom_status":true,"time_tracking":false,"special_allowed":false,"kanban":false,"live_updates":false,"premium_plan":false}},{"model":"subscription.subscriptionplan","pk":2002,"fields":{"name":"Gold","tagline":"Most popular plan!","active":false,"show_in_grid":false,"price":"$69.95/month","price_val":"69.95","users":25,"projects":999,"storage":999,"premium_integrations":true,"order":2,"spreedly_id":19947,"feature_level":"gold-c","featured_plan":false,"planning_poker":true,"epic_tool":true,"emails":true,"yearly":false,"custom_status":true,"time_tracking":true,"special_allowed":false,"kanban":false,"live_updates":true,"premium_plan":true}},{"model":"subscription.subscriptionplan","pk":2003,"fields":{"name":"Platinum","tagline":"For large companies","active":false,"show_in_grid":false,"price":"$149.95/month","price_val":"149.95","users":50,"projects":999,"storage":999,"premium_integrations":true,"order":1,"spreedly_id":19948,"feature_level":"platinum-c","featured_plan":false,"planning_poker":true,"epic_tool":true,"emails":true,"yearly":false,"custom_status":true,"time_tracking":true,"special_allowed":false,"kanban":false,"live_updates":true,"premium_plan":true}},{"model":"subscription.subscriptionplan","pk":2004,"fields":{"name":"Bronze","tagline":"Entry level Scrum","active":false,"show_in_grid":false,"price":"$159.50/year","price_val":"15.95","users":7,"projects":999,"storage":999,"premium_integrations":true,"order":4,"spreedly_id":19949,"feature_level":"bronze-c-y","featured_plan":false,"planning_poker":true,"epic_tool":true,"emails":false,"yearly":true,"custom_status":false,"time_tracking":false,"special_allowed":false,"kanban":false,"live_updates":false,"premium_plan":false}},{"model":"subscription.subscriptionplan","pk":2005,"fields":{"name":"Silver","tagline":"Great for teams","active":false,"show_in_grid":false,"price":"$349.50/year","price_val":"34.95","users":15,"projects":999,"storage":999,"premium_integrations":true,"order":3,"spreedly_id":19950,"feature_level":"silver-c-y","featured_plan":true,"planning_poker":true,"epic_tool":true,"emails":true,"yearly":true,"custom_status":true,"time_tracking":false,"special_allowed":false,"kanban":false,"live_updates":false,"premium_plan":false}},{"model":"subscription.subscriptionplan","pk":2006,"fields":{"name":"Gold","tagline":"Most Popular Plan","active":false,"show_in_grid":false,"price":"$699.50/year","price_val":"69.95","users":25,"projects":999,"storage":999,"premium_integrations":true,"order":2,"spreedly_id":19951,"feature_level":"gold-c-y","featured_plan":true,"planning_poker":true,"epic_tool":true,"emails":true,"yearly":true,"custom_status":true,"time_tracking":true,"special_allowed":false,"kanban":false,"live_updates":true,"premium_plan":true}},{"model":"subscription.subscriptionplan","pk":2007,"fields":{"name":"Platinum","tagline":"For large companies","active":false,"show_in_grid":false,"price":"$1499.50/year","price_val":"149.95","users":50,"projects":999,"storage":999,"premium_integrations":true,"order":1,"spreedly_id":19952,"feature_level":"platinum-c-y","featured_plan":false,"planning_poker":true,"epic_tool":true,"emails":true,"yearly":true,"custom_status":true,"time_tracking":true,"special_allowed":false,"kanban":false,"live_updates":true,"premium_plan":true}},{"model":"subscription.subscriptionplan","pk":2008,"fields":{"name":"Free","tagline":"All the scrum basics","active":false,"show_in_grid":false,"price":"Free","price_val":"0.00","users":3,"projects":999,"storage":5,"premium_integrations":false,"order":10,"spreedly_id":-1,"feature_level":"free","featured_plan":false,"planning_poker":false,"epic_tool":false,"emails":false,"yearly":false,"custom_status":false,"time_tracking":false,"special_allowed":false,"kanban":false,"live_updates":false,"premium_plan":false}},{"model":"subscription.subscriptionplan","pk":2009,"fields":{"name":"Custom","tagline":"","active":false,"show_in_grid":false,"price":"$149.95/month","price_val":"149.95","users":80,"projects":999,"storage":999,"premium_integrations":true,"order":1,"spreedly_id":21670,"feature_level":"custom-1","featured_plan":false,"planning_poker":true,"epic_tool":true,"emails":true,"yearly":false,"custom_status":true,"time_tracking":true,"special_allowed":false,"kanban":false,"live_updates":true,"premium_plan":false}},{"model":"subscription.subscriptionplan","pk":2010,"fields":{"name":"Academic Plan 2","tagline":"Academic Plan","active":false,"show_in_grid":false,"price":"Academic / Free","price_val":"0.01","users":100,"projects":999,"storage":999,"premium_integrations":true,"order":0,"spreedly_id":-1,"feature_level":"academic","featured_plan":false,"planning_poker":true,"epic_tool":true,"emails":true,"yearly":false,"custom_status":true,"time_tracking":true,"special_allowed":false,"kanban":false,"live_updates":false,"premium_plan":false}},{"model":"subscription.subscriptionplan","pk":2011,"fields":{"name":"Academic - Small","tagline":"","active":false,"show_in_grid":false,"price":"Free","price_val":"0.01","users":5,"projects":999,"storage":999,"premium_integrations":true,"order":1,"spreedly_id":-1,"feature_level":"freeacademic","featured_plan":false,"planning_poker":true,"epic_tool":true,"emails":true,"yearly":false,"custom_status":true,"time_tracking":true,"special_allowed":false,"kanban":false,"live_updates":false,"premium_plan":false}},{"model":"subscription.subscriptionplan","pk":2012,"fields":{"name":"Standard 100","tagline":"Custom Plan","active":false,"show_in_grid":false,"price":"$225.00/month","price_val":"225.00","users":100,"projects":999,"storage":999,"premium_integrations":true,"order":10,"spreedly_id":23956,"feature_level":"100user","featured_plan":false,"planning_poker":true,"epic_tool":true,"emails":true,"yearly":false,"custom_status":true,"time_tracking":true,"special_allowed":false,"kanban":false,"live_updates":true,"premium_plan":false}},{"model":"subscription.subscriptionplan","pk":3000,"fields":{"name":"Bronze","tagline":"Entry level Scrum","active":false,"show_in_grid":false,"price":"$19.95/month","price_val":"19.95","users":7,"projects":999,"storage":999,"premium_integrations":true,"order":4,"spreedly_id":24508,"feature_level":"bronze-d","featured_plan":false,"planning_poker":true,"epic_tool":true,"emails":false,"yearly":false,"custom_status":false,"time_tracking":false,"special_allowed":false,"kanban":false,"live_updates":false,"premium_plan":false}},{"model":"subscription.subscriptionplan","pk":3001,"fields":{"name":"Silver","tagline":"Great for teams","active":false,"show_in_grid":false,"price":"$49.99/month","price_val":"49.99","users":15,"projects":999,"storage":999,"premium_integrations":true,"order":3,"spreedly_id":24510,"feature_level":"silver-d","featured_plan":true,"planning_poker":true,"epic_tool":true,"emails":true,"yearly":false,"custom_status":true,"time_tracking":false,"special_allowed":false,"kanban":false,"live_updates":false,"premium_plan":false}},{"model":"subscription.subscriptionplan","pk":3002,"fields":{"name":"Gold","tagline":"Most popular plan!","active":false,"show_in_grid":false,"price":"$89.99/month","price_val":"89.99","users":30,"projects":999,"storage":999,"premium_integrations":true,"order":2,"spreedly_id":24512,"feature_level":"gold-d","featured_plan":false,"planning_poker":true,"epic_tool":true,"emails":true,"yearly":false,"custom_status":true,"time_tracking":true,"special_allowed":false,"kanban":false,"live_updates":true,"premium_plan":true}},{"model":"subscription.subscriptionplan","pk":3003,"fields":{"name":"Platinum","tagline":"For large companies","active":false,"show_in_grid":false,"price":"$199.99/month","price_val":"199.99","users":60,"projects":999,"storage":999,"premium_integrations":true,"order":1,"spreedly_id":24514,"feature_level":"platinum-d","featured_plan":false,"planning_poker":true,"epic_tool":true,"emails":true,"yearly":false,"custom_status":true,"time_tracking":true,"special_allowed":false,"kanban":false,"live_updates":true,"premium_plan":true}},{"model":"subscription.subscriptionplan","pk":3004,"fields":{"name":"Bronze","tagline":"Entry level Scrum","active":false,"show_in_grid":false,"price":"$199.50/year","price_val":"19.95","users":7,"projects":999,"storage":999,"premium_integrations":true,"order":4,"spreedly_id":24509,"feature_level":"bronze-d-y","featured_plan":false,"planning_poker":true,"epic_tool":true,"emails":false,"yearly":true,"custom_status":false,"time_tracking":false,"special_allowed":false,"kanban":false,"live_updates":false,"premium_plan":false}},{"model":"subscription.subscriptionplan","pk":3005,"fields":{"name":"Silver","tagline":"Great for teams","active":false,"show_in_grid":false,"price":"$499.90/year","price_val":"49.99","users":15,"projects":999,"storage":999,"premium_integrations":true,"order":3,"spreedly_id":24511,"feature_level":"silver-d-y","featured_plan":true,"planning_poker":true,"epic_tool":true,"emails":true,"yearly":true,"custom_status":true,"time_tracking":false,"special_allowed":false,"kanban":false,"live_updates":false,"premium_plan":false}},{"model":"subscription.subscriptionplan","pk":3006,"fields":{"name":"Gold","tagline":"Most Popular Plan","active":false,"show_in_grid":false,"price":"$899.90/year","price_val":"89.99","users":30,"projects":999,"storage":999,"premium_integrations":true,"order":2,"spreedly_id":24513,"feature_level":"gold-d-y","featured_plan":true,"planning_poker":true,"epic_tool":true,"emails":true,"yearly":true,"custom_status":true,"time_tracking":true,"special_allowed":false,"kanban":false,"live_updates":true,"premium_plan":true}},{"model":"subscription.subscriptionplan","pk":3007,"fields":{"name":"Platinum","tagline":"For large companies","active":false,"show_in_grid":false,"price":"$1999.90/year","price_val":"199.99","users":60,"projects":999,"storage":999,"premium_integrations":true,"order":1,"spreedly_id":24515,"feature_level":"platinum-d-y","featured_plan":false,"planning_poker":true,"epic_tool":true,"emails":true,"yearly":true,"custom_status":true,"time_tracking":true,"special_allowed":false,"kanban":false,"live_updates":true,"premium_plan":true}},{"model":"subscription.subscriptionplan","pk":3008,"fields":{"name":"Diamond","tagline":"All you could need","active":false,"show_in_grid":false,"price":"$399.99/month","price_val":"399.99","users":150,"projects":999,"storage":999,"premium_integrations":true,"order":0,"spreedly_id":24516,"feature_level":"diamond-d","featured_plan":false,"planning_poker":true,"epic_tool":true,"emails":true,"yearly":false,"custom_status":true,"time_tracking":true,"special_allowed":false,"kanban":false,"live_updates":true,"premium_plan":true}},{"model":"subscription.subscriptionplan","pk":3009,"fields":{"name":"Diamond","tagline":"All you could need","active":false,"show_in_grid":false,"price":"$3999.90/year","price_val":"399.99","users":150,"projects":999,"storage":999,"premium_integrations":true,"order":0,"spreedly_id":24517,"feature_level":"diamond-d-y","featured_plan":false,"planning_poker":true,"epic_tool":true,"emails":true,"yearly":true,"custom_status":true,"time_tracking":true,"special_allowed":false,"kanban":false,"live_updates":true,"premium_plan":true}},{"model":"subscription.subscriptionplan","pk":3010,"fields":{"name":"Custom 75 User","tagline":"","active":false,"show_in_grid":false,"price":"$199.99/month","price_val":"199.99","users":75,"projects":999,"storage":999,"premium_integrations":true,"order":1,"spreedly_id":25529,"feature_level":"custom-2","featured_plan":false,"planning_poker":true,"epic_tool":true,"emails":true,"yearly":false,"custom_status":true,"time_tracking":true,"special_allowed":true,"kanban":true,"live_updates":true,"premium_plan":false}},{"model":"subscription.subscriptionplan","pk":3011,"fields":{"name":"Standard 10 User","tagline":"","active":true,"show_in_grid":false,"price":"$17.99/month","price_val":"17.99","users":10,"projects":999,"storage":999,"premium_integrations":true,"order":1,"spreedly_id":25737,"feature_level":"user-10","featured_plan":false,"planning_poker":true,"epic_tool":true,"emails":true,"yearly":false,"custom_status":true,"time_tracking":true,"special_allowed":false,"kanban":true,"live_updates":true,"premium_plan":false}},{"model":"subscription.subscriptionplan","pk":3012,"fields":{"name":"Standard 15 User","tagline":"","active":true,"show_in_grid":true,"price":"$59.99/month","price_val":"59.99","users":15,"projects":999,"storage":999,"premium_integrations":true,"order":2,"spreedly_id":25738,"feature_level":"user-15","featured_plan":false,"planning_poker":true,"epic_tool":true,"emails":true,"yearly":false,"custom_status":true,"time_tracking":true,"special_allowed":false,"kanban":true,"live_updates":true,"premium_plan":false}},{"model":"subscription.subscriptionplan","pk":3013,"fields":{"name":"Standard 30 User","tagline":"","active":true,"show_in_grid":true,"price":"$119.99/month","price_val":"119.99","users":30,"projects":999,"storage":999,"premium_integrations":true,"order":3,"spreedly_id":25739,"feature_level":"user-30","featured_plan":false,"planning_poker":true,"epic_tool":true,"emails":true,"yearly":false,"custom_status":true,"time_tracking":true,"special_allowed":false,"kanban":true,"live_updates":true,"premium_plan":false}},{"model":"subscription.subscriptionplan","pk":3014,"fields":{"name":"Standard 60 User","tagline":"","active":true,"show_in_grid":true,"price":"$239.99/month","price_val":"239.99","users":60,"projects":999,"storage":999,"premium_integrations":true,"order":4,"spreedly_id":25740,"feature_level":"user-60","featured_plan":false,"planning_poker":true,"epic_tool":true,"emails":true,"yearly":false,"custom_status":true,"time_tracking":true,"special_allowed":false,"kanban":true,"live_updates":true,"premium_plan":false}},{"model":"subscription.subscriptionplan","pk":3015,"fields":{"name":"Standard 100","tagline":"","active":true,"show_in_grid":true,"price":"$299.99/month","price_val":"299.99","users":100,"projects":999,"storage":999,"premium_integrations":true,"order":5,"spreedly_id":25741,"feature_level":"user-100","featured_plan":false,"planning_poker":true,"epic_tool":true,"emails":true,"yearly":false,"custom_status":true,"time_tracking":true,"special_allowed":false,"kanban":true,"live_updates":true,"premium_plan":false}},{"model":"subscription.subscriptionplan","pk":3016,"fields":{"name":"Standard 150","tagline":"","active":true,"show_in_grid":true,"price":"$399.99/month","price_val":"399.99","users":150,"projects":999,"storage":999,"premium_integrations":true,"order":6,"spreedly_id":25742,"feature_level":"user-150","featured_plan":false,"planning_poker":true,"epic_tool":true,"emails":true,"yearly":false,"custom_status":true,"time_tracking":true,"special_allowed":false,"kanban":true,"live_updates":true,"premium_plan":false}},{"model":"subscription.subscriptionplan","pk":3017,"fields":{"name":"Standard 200","tagline":"","active":true,"show_in_grid":true,"price":"$479.99/month","price_val":"479.99","users":200,"projects":999,"storage":999,"premium_integrations":true,"order":7,"spreedly_id":25743,"feature_level":"user-200","featured_plan":false,"planning_poker":true,"epic_tool":true,"emails":true,"yearly":false,"custom_status":true,"time_tracking":true,"special_allowed":false,"kanban":true,"live_updates":true,"premium_plan":false}},{"model":"subscription.subscriptionplan","pk":3018,"fields":{"name":"Standard 500","tagline":"","active":true,"show_in_grid":true,"price":"$719.99/month","price_val":"719.99","users":500,"projects":999,"storage":999,"premium_integrations":true,"order":8,"spreedly_id":25744,"feature_level":"user-500","featured_plan":false,"planning_poker":true,"epic_tool":true,"emails":true,"yearly":false,"custom_status":true,"time_tracking":true,"special_allowed":false,"kanban":true,"live_updates":true,"premium_plan":false}},{"model":"subscription.subscriptionplan","pk":3019,"fields":{"name":"Standard 1000","tagline":"","active":true,"show_in_grid":true,"price":"$1499.99/month","price_val":"1499.99","users":1000,"projects":999,"storage":999,"premium_integrations":true,"order":9,"spreedly_id":25745,"feature_level":"user-1000","featured_plan":false,"planning_poker":true,"epic_tool":true,"emails":true,"yearly":false,"custom_status":true,"time_tracking":true,"special_allowed":false,"kanban":true,"live_updates":true,"premium_plan":false}},{"model":"subscription.subscriptionplan","pk":3020,"fields":{"name":"Standard 2000","tagline":"","active":true,"show_in_grid":true,"price":"$1899.99/month","price_val":"1899.99","users":2000,"projects":999,"storage":999,"premium_integrations":true,"order":10,"spreedly_id":25746,"feature_level":"user-2000","featured_plan":false,"planning_poker":true,"epic_tool":true,"emails":true,"yearly":false,"custom_status":true,"time_tracking":true,"special_allowed":false,"kanban":true,"live_updates":true,"premium_plan":false}},{"model":"subscription.subscriptionplan","pk":3021,"fields":{"name":"Standard 10 User","tagline":"","active":true,"show_in_grid":false,"price":"$179.90/year","price_val":"14.99","users":10,"projects":999,"storage":999,"premium_integrations":true,"order":1,"spreedly_id":25747,"feature_level":"user-10","featured_plan":false,"planning_poker":true,"epic_tool":true,"emails":true,"yearly":true,"custom_status":true,"time_tracking":true,"special_allowed":false,"kanban":true,"live_updates":true,"premium_plan":false}},{"model":"subscription.subscriptionplan","pk":3022,"fields":{"name":"Standard 15 User","tagline":"","active":true,"show_in_grid":true,"price":"$599.90/year","price_val":"49.99","users":15,"projects":999,"storage":999,"premium_integrations":true,"order":2,"spreedly_id":25748,"feature_level":"user-15","featured_plan":false,"planning_poker":true,"epic_tool":true,"emails":true,"yearly":true,"custom_status":true,"time_tracking":true,"special_allowed":false,"kanban":true,"live_updates":true,"premium_plan":false}},{"model":"subscription.subscriptionplan","pk":3023,"fields":{"name":"Standard 30 User","tagline":"","active":true,"show_in_grid":true,"price":"$1199.90/year","price_val":"99.99","users":30,"projects":999,"storage":999,"premium_integrations":true,"order":3,"spreedly_id":25749,"feature_level":"user-30","featured_plan":false,"planning_poker":true,"epic_tool":true,"emails":true,"yearly":true,"custom_status":true,"time_tracking":true,"special_allowed":false,"kanban":true,"live_updates":true,"premium_plan":false}},{"model":"subscription.subscriptionplan","pk":3024,"fields":{"name":"Standard 60 User","tagline":"","active":true,"show_in_grid":true,"price":"$2399.90/year","price_val":"199.99","users":60,"projects":999,"storage":999,"premium_integrations":true,"order":4,"spreedly_id":25750,"feature_level":"user-60","featured_plan":false,"planning_poker":true,"epic_tool":true,"emails":true,"yearly":true,"custom_status":true,"time_tracking":true,"special_allowed":false,"kanban":true,"live_updates":true,"premium_plan":false}},{"model":"subscription.subscriptionplan","pk":3025,"fields":{"name":"Standard 100","tagline":"","active":true,"show_in_grid":true,"price":"$2999.90/year","price_val":"249.99","users":100,"projects":999,"storage":999,"premium_integrations":true,"order":5,"spreedly_id":25751,"feature_level":"user-100","featured_plan":false,"planning_poker":true,"epic_tool":true,"emails":true,"yearly":true,"custom_status":true,"time_tracking":true,"special_allowed":false,"kanban":true,"live_updates":true,"premium_plan":false}},{"model":"subscription.subscriptionplan","pk":3026,"fields":{"name":"Standard 150","tagline":"","active":true,"show_in_grid":true,"price":"$3999.90/year","price_val":"333.33","users":150,"projects":999,"storage":999,"premium_integrations":true,"order":6,"spreedly_id":25752,"feature_level":"user-150","featured_plan":false,"planning_poker":true,"epic_tool":true,"emails":true,"yearly":true,"custom_status":true,"time_tracking":true,"special_allowed":false,"kanban":true,"live_updates":true,"premium_plan":false}},{"model":"subscription.subscriptionplan","pk":3027,"fields":{"name":"Standard 200","tagline":"","active":true,"show_in_grid":true,"price":"$4799.90/year","price_val":"399.99","users":200,"projects":999,"storage":999,"premium_integrations":true,"order":7,"spreedly_id":25753,"feature_level":"user-200","featured_plan":false,"planning_poker":true,"epic_tool":true,"emails":true,"yearly":true,"custom_status":true,"time_tracking":true,"special_allowed":false,"kanban":true,"live_updates":true,"premium_plan":false}},{"model":"subscription.subscriptionplan","pk":3028,"fields":{"name":"Standard 500","tagline":"","active":true,"show_in_grid":true,"price":"$7199.90/year","price_val":"599.99","users":500,"projects":999,"storage":999,"premium_integrations":true,"order":8,"spreedly_id":25754,"feature_level":"user-500","featured_plan":false,"planning_poker":true,"epic_tool":true,"emails":true,"yearly":true,"custom_status":true,"time_tracking":true,"special_allowed":false,"kanban":true,"live_updates":true,"premium_plan":false}},{"model":"subscription.subscriptionplan","pk":3029,"fields":{"name":"Standard 1000","tagline":"","active":true,"show_in_grid":true,"price":"$14999.90/year","price_val":"1249.99","users":1000,"projects":999,"storage":999,"premium_integrations":true,"order":9,"spreedly_id":25755,"feature_level":"user-1000","featured_plan":false,"planning_poker":true,"epic_tool":true,"emails":true,"yearly":true,"custom_status":true,"time_tracking":true,"special_allowed":false,"kanban":true,"live_updates":true,"premium_plan":false}},{"model":"subscription.subscriptionplan","pk":3030,"fields":{"name":"Standard 2000","tagline":"","active":true,"show_in_grid":true,"price":"$18999.90/year","price_val":"1583.33","users":2000,"projects":999,"storage":999,"premium_integrations":true,"order":10,"spreedly_id":25756,"feature_level":"user-2000","featured_plan":false,"planning_poker":true,"epic_tool":true,"emails":true,"yearly":true,"custom_status":true,"time_tracking":true,"special_allowed":false,"kanban":true,"live_updates":true,"premium_plan":false}},{"model":"subscription.subscriptionplan","pk":3031,"fields":{"name":"Standard 2 User","tagline":"","active":true,"show_in_grid":false,"price":"Free","price_val":"0.00","users":2,"projects":3,"storage":0,"premium_integrations":false,"order":0,"spreedly_id":-1,"feature_level":"free","featured_plan":false,"planning_poker":true,"epic_tool":true,"emails":true,"yearly":false,"custom_status":true,"time_tracking":false,"special_allowed":false,"kanban":true,"live_updates":true,"premium_plan":false}},{"model":"subscription.subscriptionplan","pk":3032,"fields":{"name":"Premium 2 User","tagline":"","active":true,"show_in_grid":false,"price":"$15.00/month","price_val":"15.00","users":2,"projects":999,"storage":999,"premium_integrations":true,"order":1,"spreedly_id":25998,"feature_level":"user-2","featured_plan":false,"planning_poker":true,"epic_tool":true,"emails":true,"yearly":false,"custom_status":true,"time_tracking":true,"special_allowed":false,"kanban":true,"live_updates":true,"premium_plan":true}},{"model":"subscription.subscriptionplan","pk":3033,"fields":{"name":"Premium 10 User","tagline":"","active":true,"show_in_grid":false,"price":"$59.99/month","price_val":"59.99","users":10,"projects":999,"storage":999,"premium_integrations":true,"order":2,"spreedly_id":25999,"feature_level":"user-10","featured_plan":false,"planning_poker":true,"epic_tool":true,"emails":true,"yearly":false,"custom_status":true,"time_tracking":true,"special_allowed":false,"kanban":true,"live_updates":true,"premium_plan":true}},{"model":"subscription.subscriptionplan","pk":3034,"fields":{"name":"Premium 15 User","tagline":"","active":true,"show_in_grid":true,"price":"$89.99/month","price_val":"89.99","users":15,"projects":999,"storage":999,"premium_integrations":true,"order":3,"spreedly_id":26000,"feature_level":"user-15","featured_plan":false,"planning_poker":true,"epic_tool":true,"emails":true,"yearly":false,"custom_status":true,"time_tracking":true,"special_allowed":false,"kanban":true,"live_updates":true,"premium_plan":true}},{"model":"subscription.subscriptionplan","pk":3035,"fields":{"name":"Premium 30 User","tagline":"","active":true,"show_in_grid":true,"price":"$164.99/month","price_val":"164.99","users":30,"projects":999,"storage":999,"premium_integrations":true,"order":4,"spreedly_id":26001,"feature_level":"user-30","featured_plan":false,"planning_poker":true,"epic_tool":true,"emails":true,"yearly":false,"custom_status":true,"time_tracking":true,"special_allowed":false,"kanban":true,"live_updates":true,"premium_plan":true}},{"model":"subscription.subscriptionplan","pk":3036,"fields":{"name":"Premium 60 User","tagline":"","active":true,"show_in_grid":true,"price":"$314.99/month","price_val":"314.99","users":60,"projects":999,"storage":999,"premium_integrations":true,"order":5,"spreedly_id":26002,"feature_level":"user-60","featured_plan":false,"planning_poker":true,"epic_tool":true,"emails":true,"yearly":false,"custom_status":true,"time_tracking":true,"special_allowed":false,"kanban":true,"live_updates":true,"premium_plan":true}},{"model":"subscription.subscriptionplan","pk":3037,"fields":{"name":"Premium 100 User","tagline":"","active":true,"show_in_grid":true,"price":"$449.99/month","price_val":"449.99","users":100,"projects":999,"storage":999,"premium_integrations":true,"order":6,"spreedly_id":26003,"feature_level":"user-100","featured_plan":false,"planning_poker":true,"epic_tool":true,"emails":true,"yearly":false,"custom_status":true,"time_tracking":true,"special_allowed":false,"kanban":true,"live_updates":true,"premium_plan":true}},{"model":"subscription.subscriptionplan","pk":3038,"fields":{"name":"Premium 2 User","tagline":"","active":true,"show_in_grid":false,"price":"$150.00/year","price_val":"12.50","users":2,"projects":999,"storage":999,"premium_integrations":true,"order":1,"spreedly_id":26004,"feature_level":"user-2","featured_plan":false,"planning_poker":true,"epic_tool":true,"emails":true,"yearly":true,"custom_status":true,"time_tracking":true,"special_allowed":false,"kanban":true,"live_updates":true,"premium_plan":true}},{"model":"subscription.subscriptionplan","pk":3039,"fields":{"name":"Premium 10 User","tagline":"","active":true,"show_in_grid":false,"price":"$599.90/year","price_val":"49.99","users":10,"projects":999,"storage":999,"premium_integrations":true,"order":2,"spreedly_id":26005,"feature_level":"user-10","featured_plan":false,"planning_poker":true,"epic_tool":true,"emails":true,"yearly":true,"custom_status":true,"time_tracking":true,"special_allowed":false,"kanban":true,"live_updates":true,"premium_plan":true}},{"model":"subscription.subscriptionplan","pk":3040,"fields":{"name":"Premium 15 User","tagline":"","active":true,"show_in_grid":true,"price":"$899.90/year","price_val":"74.99","users":15,"projects":999,"storage":999,"premium_integrations":true,"order":3,"spreedly_id":26006,"feature_level":"user-15","featured_plan":false,"planning_poker":true,"epic_tool":true,"emails":true,"yearly":true,"custom_status":true,"time_tracking":true,"special_allowed":false,"kanban":true,"live_updates":true,"premium_plan":true}},{"model":"subscription.subscriptionplan","pk":3041,"fields":{"name":"Premium 30 User","tagline":"","active":true,"show_in_grid":true,"price":"$1649.90/year","price_val":"137.99","users":30,"projects":999,"storage":999,"premium_integrations":true,"order":4,"spreedly_id":26007,"feature_level":"user-30","featured_plan":false,"planning_poker":true,"epic_tool":true,"emails":true,"yearly":true,"custom_status":true,"time_tracking":true,"special_allowed":false,"kanban":true,"live_updates":true,"premium_plan":true}},{"model":"subscription.subscriptionplan","pk":3042,"fields":{"name":"Premium 60 User","tagline":"","active":true,"show_in_grid":true,"price":"$3149.90/year","price_val":"262.49","users":60,"projects":999,"storage":999,"premium_integrations":true,"order":5,"spreedly_id":26008,"feature_level":"user-60","featured_plan":false,"planning_poker":true,"epic_tool":true,"emails":true,"yearly":true,"custom_status":true,"time_tracking":true,"special_allowed":false,"kanban":true,"live_updates":true,"premium_plan":true}},{"model":"subscription.subscriptionplan","pk":3043,"fields":{"name":"Premium 100 User","tagline":"","active":true,"show_in_grid":true,"price":"$4499.90/year","price_val":"374.49","users":100,"projects":999,"storage":999,"premium_integrations":true,"order":6,"spreedly_id":26009,"feature_level":"user-100","featured_plan":false,"planning_poker":true,"epic_tool":true,"emails":true,"yearly":true,"custom_status":true,"time_tracking":true,"special_allowed":false,"kanban":true,"live_updates":true,"premium_plan":true}},{"model":"subscription.subscriptionplan","pk":3044,"fields":{"name":"Premium 5 User","tagline":"","active":true,"show_in_grid":true,"price":"$59.99/month","price_val":"59.99","users":5,"projects":999,"storage":999,"premium_integrations":true,"order":1,"spreedly_id":26023,"feature_level":"user-5","featured_plan":false,"planning_poker":true,"epic_tool":true,"emails":true,"yearly":false,"custom_status":true,"time_tracking":true,"special_allowed":false,"kanban":true,"live_updates":true,"premium_plan":true}},{"model":"subscription.subscriptionplan","pk":3045,"fields":{"name":"Premium 5 User","tagline":"","active":true,"show_in_grid":true,"price":"$599.90/year","price_val":"49.99","users":5,"projects":999,"storage":999,"premium_integrations":true,"order":1,"spreedly_id":26022,"feature_level":"user-5","featured_plan":false,"planning_poker":true,"epic_tool":true,"emails":true,"yearly":true,"custom_status":true,"time_tracking":true,"special_allowed":false,"kanban":true,"live_updates":true,"premium_plan":true}},{"model":"subscription.subscriptionplan","pk":3046,"fields":{"name":"Standard 5 User","tagline":"","active":true,"show_in_grid":true,"price":"$17.99/month","price_val":"17.99","users":5,"projects":999,"storage":999,"premium_integrations":true,"order":2,"spreedly_id":26020,"feature_level":"user-5","featured_plan":false,"planning_poker":true,"epic_tool":true,"emails":true,"yearly":false,"custom_status":true,"time_tracking":true,"special_allowed":false,"kanban":true,"live_updates":true,"premium_plan":false}},{"model":"subscription.subscriptionplan","pk":3047,"fields":{"name":"Standard 5 User","tagline":"","active":true,"show_in_grid":true,"price":"$179.90/year","price_val":"14.99","users":5,"projects":999,"storage":999,"premium_integrations":true,"order":2,"spreedly_id":26021,"feature_level":"user-5","featured_plan":false,"planning_poker":true,"epic_tool":true,"emails":true,"yearly":true,"custom_status":true,"time_tracking":true,"special_allowed":false,"kanban":true,"live_updates":true,"premium_plan":false}},{"model":"subscription.subscriptionplan","pk":3048,"fields":{"name":"Premium 10 User","tagline":"","active":true,"show_in_grid":true,"price":"$74.99/month","price_val":"74.99","users":10,"projects":999,"storage":999,"premium_integrations":true,"order":3,"spreedly_id":26024,"feature_level":"user-10","featured_plan":false,"planning_poker":true,"epic_tool":true,"emails":true,"yearly":false,"custom_status":true,"time_tracking":true,"special_allowed":false,"kanban":true,"live_updates":true,"premium_plan":true}},{"model":"subscription.subscriptionplan","pk":3049,"fields":{"name":"Premium 10 User","tagline":"","active":true,"show_in_grid":true,"price":"$749.90/year","price_val":"62.49","users":10,"projects":999,"storage":999,"premium_integrations":true,"order":3,"spreedly_id":26025,"feature_level":"user-10","featured_plan":false,"planning_poker":true,"epic_tool":true,"emails":true,"yearly":true,"custom_status":true,"time_tracking":true,"special_allowed":false,"kanban":true,"live_updates":true,"premium_plan":true}},{"model":"subscription.subscriptionplan","pk":3050,"fields":{"name":"Standard 10 User","tagline":"","active":true,"show_in_grid":true,"price":"$39.99/month","price_val":"39.99","users":10,"projects":999,"storage":999,"premium_integrations":true,"order":4,"spreedly_id":26027,"feature_level":"user-10","featured_plan":false,"planning_poker":true,"epic_tool":true,"emails":true,"yearly":false,"custom_status":true,"time_tracking":true,"special_allowed":false,"kanban":true,"live_updates":true,"premium_plan":false}},{"model":"subscription.subscriptionplan","pk":3051,"fields":{"name":"Standard 10 User","tagline":"","active":true,"show_in_grid":true,"price":"$399.90/year","price_val":"33.33","users":10,"projects":999,"storage":999,"premium_integrations":true,"order":4,"spreedly_id":26026,"feature_level":"user-10","featured_plan":false,"planning_poker":true,"epic_tool":true,"emails":true,"yearly":true,"custom_status":true,"time_tracking":true,"special_allowed":false,"kanban":true,"live_updates":true,"premium_plan":false}},{"model":"subscription.subscription","pk":1,"fields":{"organization":1,"total_revenue":"0.00","plan_id":3043,"level":0,"active":true,"token":"","is_billed":false,"is_trial":true,"had_trial":true,"expires":"2016-05-04","grace_until":null}},{"model": "account.registrationkey","pk": 2,"fields": {"email": "badaddress.scrumdo@gmail.com","key": "eeeee764a1c04c15877d796e7b464532","is_used": false,"created": "2017-01-19T11:54:00.124"}}]